병원명,업무구분1,업무구분2,대표전화,주소,월요일 진료,화요일 진료,수요일 진료,목요일 진료,금요일 진료,토요일 진료,일요일 진료,공휴일 진료,홈페이지
학교법인연세대학교의과대학세브란스병원,지역응급의료센터,상급종합병원,02-2228-0114,서울특별시 서대문구 연세로 50-1 (신촌동),08:30~17:30,08:30~17:30,08:30~17:30,08:30~17:30,08:30~17:30,08:30~12:30,-,-,http://www.yuhs.or.kr
한림대학교한강성심병원,응급의료기관 외의 의료기관(응급의료시설),종합병원,02-2639-5114,"서울특별시 영등포구 버드나루로7길 12 (영등포동7가, 한강성심병원)",09:00~16:30,09:00~16:30,09:00~16:30,09:00~16:30,09:00~16:30,-,-,-,-
에이치플러스양지병원,지역응급의료센터,종합병원,02-1877-8875,"서울특별시 관악구 남부순환로 1636, 양지병원 (신림동)",08:30~17:30,08:30~17:30,08:30~17:30,08:30~17:30,08:30~17:30,08:30~12:30,-,-,-
삼육서울병원,지역응급의료센터,종합병원,02-2244-0191,서울특별시 동대문구 망우로 82 (휘경동),09:00~17:00,09:00~17:00,09:00~17:00,09:00~17:00,09:00~12:00,-,09:00~17:00,-,http://www.symcs.co.kr
재단법인아산사회복지재단서울아산병원,지역응급의료센터,상급종합병원,02-3010-3114,"서울특별시 송파구 올림픽로43길 88, 서울아산병원 (풍납동)",09:00~17:00,09:00~17:00,09:00~17:00,09:00~17:00,09:00~17:00,09:00~11:30,-,-,-
국립중앙의료원,그밖의 응급의료시설,종합병원,222607114,서울특별시 중구 을지로 245 (을지로6가),08:30~17:00,08:30~17:00,08:30~17:00,08:30~17:00,08:30~17:00,08:30~12:00,-,-,-
서울성심병원,지역응급의료기관,종합병원,02-966-1616,"서울특별시 동대문구 왕산로 259, 서울성심병원 (청량리동)",09:00~17:40,09:00~17:30,09:00~17:40,09:00~17:30,09:00~17:40,09:00~13:00,-,-,http://www.sshosp.co.kr
의료법인청구성심병원,지역응급의료기관,종합병원,02-350-3300,서울특별시 은평구 통일로 873 (갈현동),08:30~17:30,08:30~17:30,08:30~17:30,08:30~17:30,08:30~17:30,08:30~12:20,-,-,-
인제대학교상계백병원,지역응급의료센터,종합병원,02-950-1114,"서울특별시 노원구 동일로 1342, 상계백병원 (상계동)",09:00~17:00,09:00~17:00,09:00~17:00,09:00~17:00,09:00~17:00,09:00~12:00,-,-,-
의료법인한전의료재단한일병원,지역응급의료센터,종합병원,02-901-3114,서울특별시 도봉구 우이천로 308 (쌍문동),09:00~17:30,09:00~17:30,09:00~17:30,09:00~17:30,09:00~17:30,09:00~12:30,-,-,-
가톨릭대학교여의도성모병원,지역응급의료센터,종합병원,1661-7575,"서울특별시 영등포구 63로 10, 여의도성모병원 (여의도동)",09:00~17:00,09:00~17:00,09:00~17:00,09:00~17:00,09:00~17:00,09:00~12:00,-,-,-
녹색병원,지역응급의료기관,종합병원,02-490-2000,서울특별시 중랑구 사가정로49길 53 (면목동),08:30~17:30,08:30~17:30,08:30~17:30,08:30~17:30,08:30~17:30,08:30~12:30,-,-,http://www.greenhospital.co.kr/main.php
서울특별시서울의료원,지역응급의료센터,종합병원,02-2276-7000,서울특별시 중랑구 신내로 156 (신내동),09:00~17:30,09:00~17:30,09:00~17:30,09:00~17:30,09:00~17:30,09:00~12:30,-,-,http://www.seoulmc.or.kr
씨엠병원,응급의료기관 외의 의료기관(응급의료시설),종합병원,02-2678-0001,"서울특별시 영등포구 영등포로36길 13 (영등포동4가, 충무병원)",09:00~17:30,09:00~17:30,09:00~17:30,09:00~17:30,09:00~17:30,09:00~12:30,-,-,http://www.cmhospital.co.kr
한양대학교병원,권역응급의료센터,상급종합병원,02-2290-8114,서울특별시 성동구 왕십리로 222-1 (사근동),09:00~18:00,09:00~18:00,09:00~18:00,09:00~18:00,09:00~18:00,09:00~12:30,-,-,http://seoul.hyumc.com
부민병원,지역응급의료기관,종합병원,1577-7582,"서울특별시 강서구 공항대로 389, 부민병원 (등촌동)",09:00~18:00,09:00~17:00,09:00~17:00,09:00~17:00,09:00~17:00,09:00~13:00,-,-,http://www.bumin.co.kr/seoul
순천향대학교부속서울병원,지역응급의료센터,종합병원,02-709-9114,서울특별시 용산구 대사관로 59 (한남동),09:00~17:00,09:00~17:00,09:00~17:00,09:00~17:00,09:00~17:00,09:00~13:00,-,-,-
한국원자력의학원원자력병원,지역응급의료기관,종합병원,02-970-2114,"서울특별시 노원구 노원로 75, 한국원자력의학원 (공릉동)",09:00~17:30,09:00~17:30,09:00~17:30,09:00~17:30,09:00~17:30,-,-,-,http://www.kcch.re.kr
경찰병원,지역응급의료기관,종합병원,02-3400-1114,"서울특별시 송파구 송이로 123, 국립경찰병원 (가락동)",09:00~17:00,09:00~17:00,09:00~17:00,09:00~17:00,09:00~17:00,09:00~13:00,-,-,http://www.nph.go.kr
노원을지대학교병원,지역응급의료센터,종합병원,02-970-8000,"서울특별시 노원구 한글비석로 68, 을지병원 (하계동)",09:00~17:00,09:00~17:00,09:00~17:00,09:00~17:00,09:00~17:00,09:00~12:00,-,-,http://www.eulji.or.kr/default.asp
의료법인동신의료재단동신병원,지역응급의료기관,종합병원,02-396-9161,"서울특별시 서대문구 연희로 272, 동신병원 본관동 (홍은동)",09:00~17:30,09:00~17:30,09:00~17:30,09:00~17:30,09:00~17:30,09:00~12:30,-,-,-
강북삼성병원,지역응급의료센터,상급종합병원,02-2001-2001,서울특별시 종로구 새문안로 29 (평동),08:30~17:00,08:30~17:00,08:30~17:00,08:30~17:00,08:30~17:00,08:30~12:30,-,-,http://www.kbsmc.co.kr
세란병원,지역응급의료기관,종합병원,02-737-0181,서울특별시 종로구 통일로 256 (무악동),09:00~18:00,09:00~18:00,09:00~18:00,09:00~18:00,09:00~18:00,09:00~12:30,-,-,http://www.seran.co.kr/
강동경희대학교의대병원,지역응급의료센터,종합병원,02-440-7114,서울특별시 강동구 동남로 892 (상일동),09:00~17:00,09:00~17:00,09:00~17:00,09:00~17:00,09:00~17:00,09:00~12:00,-,-,http://www.khnmc.or.kr
이화여자대학교의과대학부속서울병원,지역응급의료센터,종합병원,1522-7000,"서울특별시 강서구 공항대로 260, 이화여자대학교 제2부속병원 (마곡동)",08:30~17:00,08:30~17:00,08:30~17:00,08:30~17:00,08:30~17:00,08:30~12:00,-,-,-
한국보훈복지의료공단중앙보훈병원,지역응급의료센터,종합병원,02-2225-1111,서울특별시 강동구 진황도로61길 53 (둔촌동),09:00~17:30,09:00~17:30,09:00~17:30,09:00~17:30,09:00~17:30,-,-,-,-
서울현대병원,응급의료기관 외의 의료기관(응급의료시설),병원,1588-6853,"서울특별시 강북구 도봉로 374 (번동, 서울현대병원)",09:00~18:00,09:00~18:00,09:00~18:00,09:00~18:00,09:00~18:00,09:00~13:00,-,-,-
한림대학교강남성심병원,지역응급의료센터,종합병원,02-829-5114,"서울특별시 영등포구 신길로 1 (대림동, 강남성심병원)",08:30~16:30,08:30~16:30,08:30~16:30,08:30~16:30,08:30~16:30,08:30~12:00,-,-,-
의료법인풍산의료재단동부제일병원,지역응급의료기관,종합병원,02-437-5011,"서울특별시 중랑구 망우로 511 (망우동, 동부제일병원)",08:00~17:30,08:00~17:30,08:00~17:30,08:00~17:30,08:00~17:30,08:00~12:30,-,-,http://www.dbjeil.co.kr
이화여자대학교의과대학부속목동병원,권역응급의료센터,상급종합병원,02-2650-5114,서울특별시 양천구 안양천로 1071 (목동),08:00~18:00,08:00~18:00,08:00~18:00,08:00~18:00,08:00~18:00,09:00~12:00,-,-,http://www.eumc.ac.kr/mokdong/
홍익병원,지역응급의료기관,종합병원,02-2693-5555,"서울특별시 양천구 목동로 225, 홍익병원본관 (신정동)",09:00~18:00,09:00~17:00,09:00~17:00,09:00~17:00,09:00~17:00,09:00~13:00,-,-,http://www.hih.or.kr/
성심의료재단강동성심병원,지역응급의료센터,종합병원,02-2224-2114,서울특별시 강동구 성안로 150 (길동),08:30~17:00,08:30~17:00,08:30~17:00,08:30~17:00,08:30~17:00,08:30~12:00,-,-,www.kdh.or.kr
(학)고려대학교의과대학부속병원(안암병원),권역응급의료센터,상급종합병원,1577-0083,"서울특별시 성북구 고려대로 73, 고려대병원 (안암동5가)",09:00~17:30,09:00~17:30,09:00~17:30,09:00~17:30,09:00~17:30,09:00~12:00,-,-,-
가톨릭대학교 은평성모병원,지역응급의료센터,종합병원,1811-7755,서울특별시 은평구 통일로 1021 (진관동),08:30~17:00,08:30~17:00,08:30~17:00,08:30~17:00,08:30~17:00,08:30~12:00,-,-,-
연세대학교의과대학강남세브란스병원,지역응급의료센터,상급종합병원,02-2019-3114,"서울특별시 강남구 언주로 211, 강남세브란스병원 (도곡동)",08:30~17:30,08:30~17:30,08:30~17:30,08:30~17:30,08:30~17:30,08:30~12:30,-,-,-
서울대학교병원,권역응급의료센터,상급종합병원,1588-5700,서울특별시 종로구 대학로 101 (연건동),08:00~18:00,08:00~18:00,08:00~18:00,08:00~18:00,08:00~18:00,08:00~13:30,-,-,http://www.snuh.org
중앙대학교병원,지역응급의료센터,상급종합병원,18001114,서울특별시 동작구 흑석로 102 (흑석동),08:30~16:30,08:30~16:30,08:30~16:30,08:30~16:30,08:30~16:30,08:30~12:00,-,-,-
차의과학대학교강남차병원,응급의료기관 외의 의료기관(응급의료시설),종합병원,02-3468-3000,"서울특별시 강남구 논현로 566, 강남차병원(역삼동650-9, 606-4, 605외2필지(지하7층~지하1층, 지상2층~7층)) (역삼동)",09:00~17:30,09:00~17:30,09:00~17:30,09:00~17:30,09:00~17:30,09:00~12:30,-,-,-
혜민병원,지역응급의료기관,종합병원,02-2049-9036,서울특별시 광진구 자양로 85 (자양동),08:30~17:30,08:30~17:00,08:30~17:00,08:30~17:00,08:30~17:00,08:30~12:30,-,-,http://www.e-hyemin.co.kr
구로성심병원,지역응급의료기관,종합병원,02-2067-1500,"서울특별시 구로구 경인로 427, 구로성심병원 (고척동)",09:00~17:30,09:00~17:30,09:00~17:30,09:00~17:30,09:00~17:30,09:00~12:30,-,-,-
학교법인가톨릭학원가톨릭대학교서울성모병원,지역응급의료센터,상급종합병원,1588-1511,서울특별시 서초구 반포대로 222 (반포동),08:00~17:00,08:00~17:00,08:00~17:00,08:00~17:00,08:00~17:00,08:00~12:00,-,-,-
삼성서울병원,지역응급의료센터,상급종합병원,02-3410-2114,"서울특별시 강남구 일원로 81 (일원동, 삼성의료원)",08:30~15:30,08:30~15:30,08:30~15:30,08:30~15:30,08:30~15:30,-,-,-,http://www.samsunghospital.com
성애의료재단성애병원,지역응급의료센터,종합병원,02-840-7114,"서울특별시 영등포구 여의대방로53길 22 (신길동, 성애병원)",09:00~17:30,09:00~17:30,09:00~17:30,09:00~17:30,09:00~17:30,09:00~13:00,-,-,-
명지성모병원,지역응급의료기관,종합병원,02-1899-1475,"서울특별시 영등포구 도림로 156, 명지성모병원 (대림동)",09:00~18:00,09:00~18:00,09:00~18:00,09:00~18:00,09:00~18:00,09:00~13:00,-,-,http://www.myongji-sm.co.kr
경희대학교병원,지역응급의료센터,상급종합병원,02-958-8114,서울특별시 동대문구 경희대로 23 (회기동),08:30~17:30,08:30~17:30,08:30~17:30,08:30~17:30,08:30~17:30,09:00~12:30,-,-,http://www.khuh.or.kr/
서울특별시보라매병원,지역응급의료센터,종합병원,02-870-2114,서울특별시 동작구 보라매로5길 20 (신대방동),09:00~17:00,09:00~17:00,09:00~17:00,09:00~17:00,09:00~17:00,09:00~12:00,-,-,http://www.brmh.org
대림성모병원,지역응급의료기관,종합병원,02-829-9000,"서울특별시 영등포구 시흥대로 657 (대림동, 대림성모병원)",08:30~17:30,08:30~17:30,08:30~17:30,08:30~17:30,08:30~17:30,08:30~12:30,-,-,http://www.drh.co.kr
사랑의병원,응급의료기관 외의 의료기관(응급의료시설),병원,02-880-0114,"서울특별시 관악구 남부순환로 1860, -1,1,3,4,5층 (봉천동, )",09:00~18:00,09:00~18:00,09:00~18:00,09:00~18:00,09:00~18:00,09:00~13:00,-,-,-
의료법인인봉의료재단영등포병원,응급의료기관 외의 의료기관(응급의료시설),병원,02-2635-2809,서울특별시 영등포구 당산로31길 10 (당산동3가),08:30~17:30,08:30~17:30,08:30~17:30,08:30~17:30,08:30~17:30,08:30~12:30,-,-,-
고려대학교의과대학부속구로병원,권역응급의료센터,상급종합병원,02-2626-1114,"서울특별시 구로구 구로동로 148, 고려대부속구로병원 (구로동)",09:00~17:30,09:00~17:30,09:00~17:30,09:00~17:30,09:00~17:30,09:00~12:00,-,-,http://guro.kumc.or.kr/main/index.do
인제대학교서울백병원,지역응급의료센터,종합병원,02-2270-0114,서울특별시 중구 마른내로 9 (저동2가),08:30~17:00,08:30~17:00,08:30~17:00,08:30~17:00,08:30~17:00,08:30~12:00,-,-,-
은평연세병원,응급의료기관 외의 의료기관(응급의료시설),병원,02-388-8114,서울특별시 은평구 연서로 177 (갈현동),08:30~17:30,08:30~17:30,08:30~17:30,08:30~17:30,08:30~17:30,08:30~12:30,-,-,http://www.epyonsei.co.kr/
강남고려병원,응급의료기관 외의 의료기관(응급의료시설),병원,02-874-8001,서울특별시 관악구 관악로 242 (봉천동),09:00~18:00,09:00~18:00,09:00~18:00,09:00~18:00,09:00~18:00,09:00~13:00,-,-,-
서울본병원,응급의료기관 외의 의료기관(응급의료시설),병원,02-853-4600,"서울특별시 관악구 남부순환로 1449 (신림동, 서울본병원)",09:00~18:00,09:00~18:00,09:00~18:00,09:00~18:00,09:00~18:00,09:00~13:00,-,09:00~13:00,-
메디힐병원,응급의료기관 외의 의료기관(응급의료시설),병원,02-2604-7551,"서울특별시 양천구 남부순환로 331 (신월동, 메디힐병원)",09:00~18:00,09:00~18:00,09:00~18:00,09:00~18:00,09:00~18:00,09:00~13:00,-,-,http://www.mediheal.co.kr
희명병원,지역응급의료기관,종합병원,02-804-0002,서울특별시 금천구 시흥대로 244 (시흥동),08:30~17:30,08:30~17:30,08:30~17:30,08:30~17:30,08:30~17:30,08:30~12:30,-,-,http://www.hopehp.co.kr
의료법인성화의료재단대한병원,응급의료기관 외의 의료기관(응급의료시설),종합병원,02-903-3231,"서울특별시 강북구 도봉로 301 (수유동, 대한병원)",09:00~18:00,09:00~18:00,09:00~18:00,09:00~18:00,09:00~18:00,09:00~13:00,-,-,-
한강수병원,응급의료기관 외의 의료기관(응급의료시설),병원,1800-7119,"서울특별시 영등포구 영등포로 83, 한강수병원 (양평동1가)",09:00~18:00,09:00~18:00,09:00~18:00,09:00~18:00,09:00~18:00,09:00~13:00,-,-,-
우리들병원,응급의료기관 외의 의료기관(응급의료시설),종합병원,02-2660-7500,서울특별시 강서구 하늘길 70 (과해동),09:30~18:00,09:30~18:00,09:30~18:00,09:30~18:00,09:30~18:00,09:30~13:00,-,-,http://seoul.wooridul.co.kr/
미즈메디병원,응급의료기관 외의 의료기관(응급의료시설),종합병원,02-2007-1000,서울특별시 강서구 강서로 295 (내발산동),08:30~17:00,08:30~17:00,08:30~17:00,08:30~17:00,08:30~17:00,08:30~12:30,-,-,https://www.mizmedi.com/
신촌연세병원,응급의료기관 외의 의료기관(응급의료시설),병원,02-337-7582,"서울특별시 마포구 서강로 110, 지2층~6층 (신수동)",08:30~17:00,08:30~17:00,08:30~17:00,08:30~17:00,08:30~17:00,08:30~12:30,00:00~23:59,-,http://www.scys.co.kr
건국대학교병원,지역응급의료센터,상급종합병원,1588-1533,서울특별시 광진구 능동로 120-1 (화양동),09:00~17:30,09:00~17:30,09:00~17:30,09:00~17:30,09:00~17:30,09:00~12:00,-,-,http://www.kuh.ac.kr
의료법인 은성의료재단 좋은강안병원,지역응급의료기관,종합병원,051-625-0900,부산광역시 수영구 수영로 493 (남천동),09:00~18:00,09:00~17:00,09:00~17:00,09:00~17:00,09:00~17:00,09:00~13:00,-,-,http://gang-an.or.kr/index.php
의료법인은성의료재단좋은삼선병원,지역응급의료센터,종합병원,051-322-0900,부산광역시 사상구 가야대로 326 (주례동),09:00~18:00,09:00~17:00,09:00~17:00,09:00~17:00,09:00~17:00,09:00~13:00,-,-,http://www.samsun.or.kr
부산광역시의료원,지역응급의료기관,종합병원,051-507-3000,"부산광역시 연제구 월드컵대로 359 (거제동, 1동, 5동일부)",08:30~17:00,08:30~17:00,08:30~17:00,08:30~17:00,08:30~17:00,-,-,-,http://www.busanmc.or.kr
재단법인천주교부산교구유지재단 메리놀병원,지역응급의료기관,종합병원,051-465-8801,부산광역시 중구 중구로 121 (대청동4가),08:30~17:30,08:30~17:30,08:30~17:30,08:30~17:30,08:30~17:30,08:30~12:30,-,-,http://www.maryknoll.co.kr
대동병원,지역응급의료센터,종합병원,051-554-1233,부산광역시 동래구 충렬대로 187 (명륜동),09:00~17:30,09:00~17:30,09:00~17:30,09:00~17:30,09:00~17:30,09:00~12:30,-,-,http://www.ddh.co.kr/
부산대학교병원,지역응급의료센터,상급종합병원,051-240-7000,부산광역시 서구 구덕로 179 (아미동1가),09:00~17:30,09:00~17:30,09:00~17:30,09:00~17:30,09:00~17:30,-,-,-,-
동남권원자력의학원,지역응급의료기관,종합병원,051-720-5114,부산광역시 기장군 장안읍 좌동길 40,08:30~17:30,08:30~17:30,08:30~17:30,08:30~17:30,08:30~17:30,-,-,-,http://www.dirams.re.kr
좋은문화병원,지역응급의료기관,종합병원,051-644-2002,부산광역시 동구 범일로 119 (범일동),09:00~18:00,09:00~17:00,09:00~17:00,09:00~17:00,09:00~17:00,09:00~13:00,-,-,http://www.moonhwa.or.kr/
동래봉생병원,지역응급의료기관,종합병원,051-531-6000,부산광역시 동래구 안연로109번길 27 (안락동),08:30~17:30,09:00~17:00,09:00~17:00,09:00~17:00,09:00~17:00,08:30~12:30,-,-,http://www.bongseng.com/index.asp
고신대학교복음병원,지역응급의료센터,종합병원,051-990-6114,부산광역시 서구 감천로 262 (암남동),09:00~17:00,09:00~17:00,09:00~17:00,09:00~17:00,09:00~17:00,-,-,-,-
의료법인 광혜의료재단 광혜병원,지역응급의료기관,종합병원,051-503-2111,"부산광역시 동래구 충렬대로 96 (온천동, 광혜병원)",09:00~17:30,09:00~17:00,09:00~17:00,09:00~17:00,09:00~17:00,08:30~12:30,-,-,http://www.gwanghyehospital.com
(의)서일의료재단기장병원,지역응급의료기관,병원,051-723-0171,부산광역시 기장군 기장읍 대청로72번길 6,09:00~18:00,09:00~17:00,09:00~17:00,09:00~17:00,09:00~17:00,09:00~13:00,-,-,http://www.gjhp.kr/
부산성모병원(재단법인 천주교부산교구유지재단),지역응급의료기관,종합병원,051-933-7114,부산광역시 남구 용호로232번길 25-14 (용호동),08:40~17:30,08:40~17:30,08:40~17:30,08:40~17:30,08:40~17:30,08:40~12:30,-,-,http://bsm.or.kr
효성시티병원,응급의료기관 외의 의료기관(응급의료시설),병원,051-709-3000,부산광역시 해운대구 해운대로 135 (재송동),09:00~18:00,09:00~17:30,09:00~17:30,09:00~17:30,09:00~17:30,09:00~13:00,00:00~24:00,00:00~24:00,http://www.hshos.com/
인제대학교 해운대백병원,지역응급의료센터,종합병원,051-797-0100,부산광역시 해운대구 해운대로 875 (좌동),09:00~17:00,09:00~17:00,09:00~17:00,09:00~17:00,09:00~17:00,09:00~12:00,-,-,http://www.paik.ac.kr/haeundae/
의료법인 인당의료재단 해운대부민병원,지역응급의료기관,종합병원,051-602-8000,부산광역시 해운대구 해운대로 584 (우동),09:00~18:00,09:00~17:00,09:00~17:00,09:00~17:00,09:00~17:00,09:00~13:00,-,-,-
동아대학교병원,권역응급의료센터,상급종합병원,051-240-2400,부산광역시 서구 대신공원로 26 (동대신동3가),08:00~17:00,08:00~17:00,08:00~17:00,08:00~17:00,08:00~17:00,-,-,-,http://www.damc.or.kr
한국보훈복지의료공단부산보훈병원,지역응급의료기관,종합병원,051-601-6000,부산광역시 사상구 백양대로 420 (주례동),08:30~17:30,08:30~17:30,08:30~17:30,08:30~17:30,08:30~17:30,-,-,-,-
세웅병원,응급의료기관 외의 의료기관(응급의료시설),병원,051-500-9700,부산광역시 금정구 서동로 162 (서동),09:00~18:00,09:00~18:00,09:00~18:00,09:00~18:00,09:00~18:00,09:00~12:30,-,-,http://www.sewoongh.co.kr/
비에이치에스한서병원,지역응급의료센터,종합병원,051-756-0081,부산광역시 수영구 수영로 615 (광안동),08:30~17:30,08:30~17:30,08:30~17:30,08:30~17:30,08:30~17:30,08:30~12:30,-,-,http://www.hanseohospital.or.kr
의료법인정화의료재단 김원묵기념봉생병원,지역응급의료기관,종합병원,051-664-4000,"부산광역시 동구 중앙대로 401 (좌천동, 봉생병원)",08:30~17:30,08:30~17:00,08:30~17:00,08:30~17:00,08:30~17:00,08:30~12:30,-,-,http://www.bongseng.co.kr/index.asp
영도병원,지역응급의료기관,종합병원,051-414-8101,부산광역시 영도구 태종로 85 (대교동2가),09:00~18:00,09:00~17:00,09:00~17:00,09:00~17:00,09:00~17:00,09:00~13:00,-,-,http://www.ydh.co.kr
의료법인인당의료재단부민병원,지역응급의료기관,종합병원,051-330-3000,부산광역시 북구 만덕대로 59 (덕천동),09:00~17:00,09:00~17:00,09:00~17:00,09:00~17:00,09:00~17:00,09:00~13:00,-,-,-
의료법인온그룹의료재단온종합병원,지역응급의료센터,종합병원,051-607-0114,"부산광역시 부산진구 가야대로 721, 719, 767 (당감동)",09:00~18:00,09:00~17:00,09:00~17:00,09:00~17:00,09:00~17:00,09:00~13:00,-,-,-
학교법인)동의병원,지역응급의료기관,종합병원,051-867-5101,"부산광역시 부산진구 양정로 62, 지상2ㆍ3ㆍ10층 각 일부/ 지하1ㆍ지상1ㆍ지상4~지상8층 전층 (양정동)",08:30~17:30,08:30~17:30,08:30~17:30,08:30~17:30,08:30~17:30,08:30~12:30,-,-,http://www.demc.kr/
의료법인 행도의료재단 해동병원,지역응급의료기관,종합병원,051-412-6161,부산광역시 영도구 태종로 133 (봉래동3가),08:30~17:30,08:30~17:00,08:30~17:00,08:30~17:00,08:30~17:00,08:30~12:30,-,-,-
인제대학교부산백병원,지역응급의료센터,상급종합병원,051-890-6114,"부산광역시 부산진구 복지로 75, 진사로83번길 81, 1층(일부), 3층 (개금동)",09:00~17:00,09:00~17:00,09:00~17:00,09:00~17:00,09:00~17:00,09:00~12:00,-,-,-
의료법인 갑을의료재단 갑을녹산병원,응급의료기관 외의 의료기관(응급의료시설),병원,051-974-8300,부산광역시 강서구 녹산산단321로 24-8 (송정동),09:00~18:00,09:00~18:00,09:00~18:00,09:00~18:00,09:00~18:00,09:00~13:00,-,-,http://www.bigmind.co.kr/bigmind.php
삼육부산병원,지역응급의료기관,종합병원,051-242-9751,부산광역시 서구 대티로 170 (서대신동2가),08:30~17:30,08:30~17:30,08:30~17:30,08:30~17:30,08:30~12:30,-,08:30~17:30,-,-
재단법인한호기독교선교회 일신기독병원,응급의료기관 외의 의료기관(응급의료시설),종합병원,051-630-0300,부산광역시 동구 정공단로 27 (좌천동),09:00~17:00,09:00~17:00,09:00~17:00,09:00~17:00,09:00~17:00,09:00~12:00,-,-,http://www.ilsin.or.kr
세일병원,응급의료기관 외의 의료기관(응급의료시설),병원,051-464-8110,"부산광역시 동구 중앙대로 317 (초량동, 세일병원)",09:00~18:00,09:00~18:00,09:00~18:00,09:00~18:00,09:00~18:00,09:00~13:00,-,-,-
학교법인춘해병원,지역응급의료기관,종합병원,051-638-8000,"부산광역시 부산진구 중앙대로 605, 지상1층~지상9층 (범천동)",09:00~18:00,09:00~17:00,09:00~17:00,09:00~17:00,09:00~17:00,09:00~13:00,-,-,-
구포성심병원,지역응급의료기관,종합병원,051-330-2001,부산광역시 북구 낙동대로 1786 (구포동),08:30~18:00,08:30~17:00,08:30~17:00,08:30~17:00,08:30~17:00,08:30~12:30,-,08:30~12:30,-
재단법인베스티안재단베스티안부산병원,응급의료기관 외의 의료기관(응급의료시설),병원,051-332-7575,부산광역시 북구 화명대로 1 (화명동),09:00~18:00,09:00~18:00,09:00~18:00,09:00~18:00,09:00~18:00,09:00~13:00,-,-,-
대구가톨릭대학교병원,지역응급의료센터,상급종합병원,053-650-3000,대구광역시 남구 두류공원로17길 33 (대명동),09:00~17:30,09:00~17:30,09:00~17:30,09:00~17:30,09:00~17:30,09:00~12:00,-,-,http://www.dcmc.co.kr/
드림종합병원,지역응급의료기관,종합병원,053-640-8800,대구광역시 남구 대명로 153 (대명동),08:30~17:30,08:30~17:30,08:30~17:30,08:30~17:30,08:30~17:30,08:30~12:30,-,-,-
영남대학교병원,권역응급의료센터,상급종합병원,053-623-8001,대구광역시 남구 현충로 170 (대명동),09:30~17:30,09:30~17:30,09:30~17:30,09:30~17:30,09:30~17:30,-,-,-,http://www.yumc.ac.kr
대구의료원,지역응급의료기관,종합병원,053-560-7575,대구광역시 서구 평리로 157 (중리동),09:00~18:00,09:00~18:00,09:00~18:00,09:00~18:00,09:00~18:00,-,-,-,http://www.daegumc.co.kr
계명대학교대구동산병원,응급의료기관 외의 의료기관(응급의료시설),종합병원,053-250-8013,"대구광역시 중구 달성로 56, 계명대학교대구동산병원 (동산동)",09:00~18:00,09:00~18:00,09:00~18:00,09:00~18:00,09:00~18:00,-,-,-,-
계명대학교동산병원,지역응급의료센터,상급종합병원,1577-6622,대구광역시 달서구 달구벌대로 1035 (신당동),08:30~17:30,08:30~17:30,08:30~17:30,08:30~17:30,08:30~17:30,08:30~12:30,-,-,http://www.dsmc.or.kr/
굿모닝병원,응급의료기관 외의 의료기관(응급의료시설),병원,053-620-9100,대구광역시 남구 성당로 224 (대명동),09:00~18:00,09:00~18:00,09:00~18:00,09:00~18:00,09:00~18:00,09:00~12:30,00:00~24:00,00:00~24:00,-
한국보훈복지의료공단대구보훈병원,지역응급의료기관,종합병원,053-630-7000,대구광역시 달서구 월곡로 60 (도원동),09:00~17:30,09:00~17:30,09:00~17:30,09:00~17:30,09:00~17:30,-,-,-,-
칠곡경북대학교병원,지역응급의료센터,상급종합병원,053-200-2000,"대구광역시 북구 호국로 807, 칠곡경북대학교병원(임상실습동 5~8층 포함) (학정동)",08:30~17:30,08:30~17:30,08:30~17:30,08:30~17:30,08:30~17:30,-,-,-,http://www.knumc.org
곽병원,지역응급의료기관,종합병원,053-252-2401,대구광역시 중구 국채보상로 531 (수동),09:00~17:00,09:00~17:00,09:00~17:00,09:00~17:00,09:00~17:00,09:00~12:00,-,-,http://www.kwakh.co.kr/
삼일병원,지역응급의료기관,종합병원,053-659-3100,"대구광역시 달서구 월배로 446, 가,다동 (송현동)",09:00~18:00,09:00~18:00,09:00~18:00,09:00~18:00,09:00~18:00,09:00~13:00,-,-,-
(재)미리내천주성삼성직수도회천주성삼병원,지역응급의료기관,종합병원,053-790-1000,"대구광역시 수성구 달구벌대로 3190 (신매동, 천주성삼병원)",09:00~17:30,09:00~17:30,09:00~17:30,09:00~17:30,09:00~17:30,09:00~12:30,-,-,-
나사렛종합병원,지역응급의료기관,종합병원,053-643-1400,"대구광역시 달서구 월배로 97, 나사렛병원 (진천동)",09:00~18:00,09:00~18:00,09:00~18:00,09:00~18:00,09:00~18:00,09:00~18:00,09:00~18:00,09:00~18:00,-
대구가톨릭대학교칠곡가톨릭병원,지역응급의료기관,종합병원,053-320-2500,대구광역시 북구 칠곡중앙대로 440 (읍내동),09:00~17:30,09:00~17:30,09:00~17:30,09:00~17:30,09:00~17:30,09:00~12:30,-,-,-
더블유병원,지역응급의료기관,종합병원,053-550-5000,대구광역시 달서구 달구벌대로 1632 (감삼동),09:00~18:00,09:00~18:00,09:00~18:00,09:00~18:00,09:00~18:00,09:00~13:00,-,-,-
대구파티마병원,지역응급의료센터,종합병원,053-1688-7770,대구광역시 동구 아양로 99 (신암동),09:00~17:30,09:00~17:30,09:00~17:30,09:00~17:30,09:00~17:30,09:00~13:00,-,-,http://www.fatima.or.kr
경북대학교병원,권역응급의료센터,상급종합병원,053-200-5114,"대구광역시 중구 동덕로 130 (삼덕동2가, 경북대학교병원)",09:00~18:00,09:00~18:00,09:00~18:00,09:00~18:00,09:00~18:00,-,-,-,http://knumc.knu.ac.kr
의료법인구의료재단구병원,지역응급의료기관,종합병원,053-562-1931,대구광역시 달서구 감삼북길 141 (감삼동),09:00~17:30,09:00~17:30,09:00~17:30,09:00~17:30,09:00~17:30,09:00~13:00,-,-,-
의료법인백천의료재단바로본병원,응급의료기관 외의 의료기관(응급의료시설),병원,1644-8575,대구광역시 동구 국채보상로 769 (신천동),09:00~18:00,09:00~18:00,09:00~18:00,09:00~18:00,09:00~18:00,09:00~13:00,-,-,-
인천사랑병원,지역응급의료센터,종합병원,032-457-2000,인천광역시 미추홀구 미추홀대로 726 (주안동),08:30~17:30,08:30~17:30,08:30~17:30,08:30~17:30,08:30~17:30,08:30~12:30,-,-,-
인천힘찬종합병원,지역응급의료기관,종합병원,0321899-2220,"인천광역시 남동구 논현로 72-0 (논현동,인천힘찬종합병원)",10:00~18:00,10:00~18:00,10:00~18:00,10:00~18:00,10:00~18:00,-,-,-,-
검단탑병원,지역응급의료센터,종합병원,032-590-0114,인천광역시 서구 청마로19번길 5 (당하동),08:30~17:30,08:30~17:30,08:30~17:30,08:30~17:30,08:30~17:30,08:30~13:00,-,-,http://www.tophospital.co.kr/
온누리병원,지역응급의료기관,종합병원,032-567-6200,인천광역시 서구 완정로 199 (왕길동),08:30~17:30,08:30~17:30,08:30~17:30,08:30~17:30,08:30~17:30,08:30~12:30,-,-,http://www.onnurihosp.com
안은의료재단 부평세림병원,지역응급의료기관,종합병원,032-509-5555,"인천광역시 부평구 부평대로 175 (청천동, 세림병원)",09:00~17:30,09:00~17:30,09:00~17:30,09:00~17:30,09:00~17:30,09:00~12:30,-,-,-
가톨릭관동대학교국제성모병원,지역응급의료센터,종합병원,1600-8291,"인천광역시 서구 심곡로100번길 25 (심곡동, 인천국제성모병원)",08:30~17:00,08:30~17:00,08:30~17:00,08:30~17:00,08:30~17:00,08:30~12:00,-,-,-
인천세종병원,지역응급의료센터,종합병원,032-240-8000,"인천광역시 계양구 계양문화로 20, 메디플렉스 세종병원 (작전동)",08:30~17:30,08:30~17:30,08:30~17:30,08:30~17:30,08:30~17:30,08:30~12:30,-,-,-
인천광역시의료원,지역응급의료기관,종합병원,032-580-6000,"인천광역시 동구 방축로 217 (송림동, 인천광역시 의료원)",08:30~17:00,08:30~17:00,08:30~17:00,08:30~17:00,08:30~17:00,-,-,-,http://www.icmc.or.kr
비에스종합병원,지역응급의료기관,종합병원,032290-0001,인천광역시 강화군 강화읍 충렬사로 31,08:30~17:30,08:30~17:30,08:30~17:30,08:30~17:30,08:30~17:30,08:30~17:30,-,-,-
의료법인 루가의료재단 나은병원,지역응급의료센터,종합병원,032-584-0114,"인천광역시 서구 원적로 23 (가좌동, 원적로 27번길 11(가좌동))",09:30~17:30,09:30~17:30,09:30~17:30,09:30~17:30,09:30~17:30,09:30~13:00,-,-,-
한림병원,지역응급의료센터,종합병원,032-540-9114,인천광역시 계양구 장제로 722 (작전동),08:30~17:30,08:30~17:30,08:30~17:30,08:30~17:30,08:30~17:30,08:30~12:30,-,-,http://www.hallym.net/
가톨릭대학교인천성모병원,지역응급의료센터,상급종합병원,032-280-6364,인천광역시 부평구 동수로 56 (부평동),08:00~17:00,08:00~17:00,08:00~17:00,08:00~17:00,08:00~17:00,08:00~12:00,-,-,-
인천광역시의료원백령병원,지역응급의료기관,병원,032-836-1731,"인천광역시 옹진군 백령면 백령로 233, 인천광역시의료원 백령병원",08:30~17:30,08:30~17:30,08:30~17:30,08:30~17:30,08:30~17:30,-,-,-,-
의료법인 나사렛의료재단 나사렛국제병원,지역응급의료센터,종합병원,032-899-9999,"인천광역시 연수구 먼우금로 98 (동춘동, 나사렛국제병원)",09:00~18:00,09:00~18:00,09:00~18:00,09:00~18:00,09:00~18:00,09:00~13:00,-,-,-
인천기독병원,지역응급의료기관,종합병원,032-270-8000,인천광역시 중구 답동로30번길 10 (율목동),08:30~17:30,08:30~17:30,08:30~17:30,08:30~17:30,08:30~17:30,08:30~12:30,-,-,http://www.goich.co.kr/
의료법인 성세의료재단 뉴 성민병원,지역응급의료기관,종합병원,032-726-1000,"인천광역시 서구 칠천왕로33번길 17 (석남동, 신석로 70(석남1동, 성민병원))",08:30~17:30,08:30~17:30,08:30~17:30,08:30~17:30,08:30~17:30,08:30~12:30,-,-,-
현대유비스병원,지역응급의료기관,종합병원,032-888-7575,인천광역시 미추홀구 독배로 503 (숭의동),08:30~17:30,08:30~17:30,08:30~17:30,08:30~17:30,08:30~17:30,08:30~13:00,-,-,-
의료법인 길의료재단 길병원,권역응급의료센터,상급종합병원,032-460-3548,"인천광역시 남동구 남동대로774번길 21 (구월동, 가천대학교길병원)",08:00~17:00,08:00~17:00,08:00~17:00,08:00~17:00,08:00~17:00,08:00~12:00,-,-,-
인하대학교의과대학부속병원,권역응급의료센터,상급종합병원,032-890-2114,인천광역시 중구 인항로 27 (신흥동3가),08:00~16:30,08:00~16:30,08:00~16:30,08:00~16:30,08:00~16:30,08:00~11:30,-,-,http://www.inha.com/mainpage/index.htm
선한병원,응급의료기관 외의 의료기관(응급의료시설),종합병원,062-466-1000,광주광역시 서구 무진대로 975 (광천동),09:00~18:00,09:00~18:00,09:00~18:00,09:00~18:00,09:00~18:00,09:00~13:00,-,-,-
해피뷰병원,응급의료기관 외의 의료기관(응급의료시설),병원,062-519-9000,광주광역시 북구 경열로 216 (유동),09:00~17:30,09:00~17:30,09:00~17:30,09:00~17:30,09:00~17:30,09:00~13:00,-,-,-
조선대학교병원,권역응급의료센터,상급종합병원,062-220-3373,광주광역시 동구 필문대로 365 (서석동),08:30~17:00,08:30~17:00,08:30~17:00,08:30~17:00,08:30~17:00,-,-,-,-
광주보훈병원,지역응급의료기관,종합병원,062-602-6021,광주광역시 광산구 첨단월봉로 99 (산월동),09:00~17:00,09:00~17:00,09:00~17:00,09:00~17:00,09:00~17:00,-,-,-,-
광주병원,지역응급의료기관,종합병원,062-260-7000,광주광역시 북구 면앙로139번길 51 (두암동),09:00~17:30,09:00~17:30,09:00~17:30,09:00~17:30,09:00~17:30,09:00~12:30,-,09:00~12:30,-
서광병원,지역응급의료센터,종합병원,062-600-8000,광주광역시 서구 금화로59번길 6 (금호동),08:30~18:00,08:30~18:00,08:30~18:00,08:30~18:00,08:30~18:00,08:30~12:30,-,-,http://www.suhgwang2010.com
KS병원,지역응급의료센터,종합병원,062-975-9000,광주광역시 광산구 왕버들로 220 (수완동),09:00~18:00,09:00~17:00,09:00~17:00,09:00~17:00,09:00~17:00,09:00~13:00,-,-,http://www.kshosp.com
광주현대병원,지역응급의료기관,종합병원,062-570-0336,광주광역시 북구 설죽로 291 (용봉동),08:30~17:30,08:30~17:30,08:30~17:30,08:30~17:30,08:30~17:30,08:30~12:30,-,-,-
광주씨티병원,지역응급의료기관,종합병원,062-460-7000,광주광역시 남구 서문대로654번길 5 (진월동),09:00~17:30,09:00~17:30,09:00~17:30,09:00~17:30,09:00~17:30,09:00~13:00,-,-,http://www.ct119.co.kr/
운암한국병원,지역응급의료기관,종합병원,062-608-8000,광주광역시 북구 북문대로 191 (운암동),08:30~17:30,08:30~17:30,08:30~17:30,08:30~17:30,08:30~17:30,08:30~12:30,-,-,http://www.uhkh.co.kr/
광주일곡병원,지역응급의료기관,종합병원,062-608-7000,광주광역시 북구 양일로 309 (일곡동),09:00~18:00,09:00~18:00,09:00~18:00,09:00~18:00,09:00~18:00,09:00~12:30,-,-,-
광주열린병원,응급의료기관 외의 의료기관(응급의료시설),병원,062-610-9000,광주광역시 광산구 송도로 271 (송정동),09:00~17:30,09:00~17:30,09:00~17:30,09:00~17:30,09:00~17:30,09:00~12:30,-,-,-
송정사랑병원,응급의료기관 외의 의료기관(응급의료시설),병원,062-949-9000,"광주광역시 광산구 송도로 232 (송정동, 송정사랑병원)",09:00~17:30,09:00~17:30,09:00~17:30,09:00~17:30,09:00~17:30,09:00~13:00,-,09:00~13:00,-
광주수완병원,지역응급의료기관,종합병원,062-958-1111,광주광역시 광산구 임방울대로 370 (수완동),09:00~17:30,09:00~17:30,09:00~17:30,09:00~17:30,09:00~17:30,09:00~13:00,-,-,-
전남대학교병원,권역응급의료센터,상급종합병원,1899-0000,광주광역시 동구 제봉로 42 (학동),09:00~18:00,09:00~18:00,09:00~18:00,09:00~18:00,09:00~18:00,-,-,-,-
하남성심병원,지역응급의료기관,종합병원,062-953-6000,광주광역시 광산구 용아로 259 (산정동),09:00~17:30,09:00~17:30,09:00~17:30,09:00~17:30,09:00~17:30,09:00~12:30,-,-,http://www.sungshim.co.kr/
신가병원,지역응급의료기관,종합병원,062-610-8702,광주광역시 광산구 목련로 316 (신가동),09:00~18:00,09:00~18:00,09:00~18:00,09:00~18:00,09:00~18:00,09:00~13:00,-,09:00~13:00,-
동아병원,지역응급의료기관,종합병원,062-650-2500,광주광역시 남구 대남대로 238 (백운동),09:00~18:00,09:00~18:00,09:00~18:00,09:00~18:00,09:00~18:00,09:00~13:00,-,09:00~13:00,http://dongahospital.co.kr
미래로21병원,지역응급의료기관,종합병원,062-450-1000,광주광역시 서구 화운로 1 (화정동),09:00~17:30,09:00~17:30,09:00~17:30,09:00~17:30,09:00~17:30,09:00~12:30,-,09:00~12:30,-
광주희망병원,지역응급의료기관,종합병원,062-608-6000,광주광역시 북구 하서로 429 (용두동),09:00~18:00,09:00~18:00,09:00~18:00,09:00~18:00,09:00~18:00,09:00~12:30,-,-,http://www.heemang75.com
상무병원,지역응급의료기관,종합병원,062-600-7000,광주광역시 서구 상무자유로 181-7 (치평동),09:00~18:00,09:00~18:00,09:00~18:00,09:00~18:00,09:00~18:00,09:00~13:00,-,09:00~13:00,http://www.best75.co.kr
광주기독병원,지역응급의료센터,종합병원,062-650-5000,광주광역시 남구 양림로 37 (양림동),09:00~17:00,09:00~17:00,09:00~17:00,09:00~17:00,09:00~17:00,09:00~12:30,-,-,http://www.kch.or.kr
광주한국병원,지역응급의료기관,종합병원,062-380-3000,광주광역시 서구 월드컵4강로 223 (쌍촌동),08:30~17:30,08:30~17:30,08:30~17:30,08:30~17:30,08:30~17:30,08:30~12:30,-,-,-
첨단종합병원,지역응급의료센터,종합병원,062-601-8000,광주광역시 광산구 첨단중앙로170번길 59 (쌍암동),09:00~17:30,09:00~17:30,09:00~17:30,09:00~17:30,09:00~17:30,09:00~12:30,-,-,http://www.cheomdanhosp.co.kr
충남대학교병원,권역응급의료센터,상급종합병원,1599-7123,"대전광역시 중구 문화로 282 (대사동, 충남대학교병원)",09:00~18:00,09:00~18:00,09:00~18:00,09:00~18:00,09:00~18:00,-,-,-,-
학교법인가톨릭학원가톨릭대학교대전성모병원,지역응급의료센터,종합병원,042-220-9114,대전광역시 중구 대흥로 64 (대흥동),08:30~17:00,08:30~17:00,08:30~17:00,08:30~17:00,08:30~17:00,08:30~12:00,-,-,-
근로복지공단대전병원,지역응급의료기관,종합병원,042-670-5419,대전광역시 대덕구 계족로 637 (법동),08:30~17:30,08:30~17:30,08:30~17:30,08:30~17:30,08:30~17:30,-,-,-,-
학교법인건양교육재단건양대학교병원,권역응급의료센터,종합병원,042-600-9999,"대전광역시 서구 관저동로 158, 건양대학교병원 (관저동)",08:30~17:30,08:30~17:30,08:30~17:30,08:30~17:30,08:30~17:30,08:30~12:30,-,-,-
학교법인을지학원대전을지대학교병원,지역응급의료센터,종합병원,042-611-3000,대전광역시 서구 둔산서로 95 (둔산동),08:30~17:30,08:30~17:30,08:30~17:30,08:30~17:30,08:30~17:30,08:30~12:30,-,-,-
대전보훈병원,지역응급의료기관,종합병원,042-939-0111,대전광역시 대덕구 대청로82번길 147 (신탄진동),08:30~17:30,08:30~17:30,08:30~17:30,08:30~17:30,08:30~17:30,-,-,-,http://daejeon.bohun.or.kr
의료법인영훈의료재단대전선병원,지역응급의료센터,종합병원,042-220-8000,"대전광역시 중구 목중로 29 (목동, 선병원)",08:30~17:30,08:30~17:30,08:30~17:30,08:30~17:30,08:30~17:30,08:30~12:30,-,-,-
대전한국병원,지역응급의료기관,종합병원,042-606-1000,대전광역시 동구 동서대로 1672 (성남동),08:30~17:30,08:30~17:30,08:30~17:30,08:30~17:30,08:30~17:30,08:30~12:30,-,-,-
베스티안우송병원,응급의료기관 외의 의료기관(응급의료시설),병원,042-620-7575,대전광역시 동구 동대전로 39 (신안동),08:30~17:30,08:30~17:30,08:30~17:30,08:30~17:30,08:30~17:30,08:30~12:30,-,-,http://www.bestianwoosong.com/
의료법인영훈의료재단유성선병원,지역응급의료기관,종합병원,042-609-1000,대전광역시 유성구 북유성대로 93 (지족동),08:30~17:30,08:30~17:30,08:30~17:30,08:30~17:30,08:30~17:30,08:30~12:30,-,-,-
대청병원,지역응급의료기관,종합병원,1899-6075,"대전광역시 서구 계백로 1322 (정림동, 대청병원)",08:30~17:30,08:30~17:30,08:30~17:30,08:30~17:30,08:30~17:30,08:30~12:30,-,-,-
의료법인혜명심의료재단울산병원,지역응급의료기관,종합병원,052-259-5000,울산광역시 남구 월평로171번길 13 (신정동),09:00~18:00,09:00~18:00,09:00~18:00,09:00~18:00,09:00~18:00,09:00~13:00,-,-,-
학교법인울산공업학원울산대학교병원,권역응급의료센터,상급종합병원,052-250-7000,"울산광역시 동구 방어진순환도로 877, 울산대학교병원 (전하동)",09:00~17:30,09:00~17:30,09:00~17:30,09:00~17:30,09:00~17:30,-,-,-,-
서울산보람병원,지역응급의료기관,종합병원,052-255-7114,울산광역시 울주군 삼남읍 중평로 53,08:30~17:30,08:30~17:30,08:30~17:30,08:30~17:30,08:30~17:30,08:30~12:30,-,-,http://eunyang.imc-boram.co.kr/
울산H병원,응급의료기관 외의 의료기관(응급의료시설),병원,522907100,울산광역시 중구 화합로 363 (반구동),09:00~18:00,09:00~18:00,09:00~18:00,09:00~18:00,09:00~18:00,09:00~13:00,-,-,-
울산엘리야병원,응급의료기관 외의 의료기관(응급의료시설),종합병원,052-290-2100,울산광역시 북구 호계로 285 (호계동),09:00~18:00,09:00~18:00,09:00~18:00,09:00~18:00,09:00~18:00,09:00~13:00,-,-,-
굿모닝병원,응급의료기관 외의 의료기관(응급의료시설),병원,052-259-9000,울산광역시 남구 삼산로 110 (달동),09:00~18:00,09:00~18:00,09:00~18:00,09:00~18:00,09:00~18:00,09:00~13:00,-,-,-
의료법인동강의료재단동강병원,지역응급의료센터,종합병원,052-241-1114,울산광역시 중구 태화로 239 (태화동),09:00~17:00,09:00~17:00,09:00~17:00,09:00~17:00,09:00~17:00,09:00~12:00,-,-,-
의료법인동강의료재단동천동강병원,응급의료기관 외의 의료기관(응급의료시설),종합병원,052-702-3114,"울산광역시 중구 외솔큰길 215 (남외동, 동천동강병원)",09:00~18:00,09:00~18:00,09:00~18:00,09:00~18:00,09:00~18:00,09:00~13:00,-,-,-
의료법인에스엠씨의료재단울산세민병원,응급의료기관 외의 의료기관(응급의료시설),병원,052-292-2000,울산광역시 중구 학성로 184 (학성동),09:00~18:00,09:00~18:00,09:00~18:00,09:00~18:00,09:00~18:00,09:00~13:00,-,-,-
의료법인은성의료재단좋은삼정병원,지역응급의료기관,종합병원,052-220-7500,울산광역시 남구 북부순환도로 51 (무거동),09:00~18:00,09:00~18:00,09:00~18:00,09:00~18:00,09:00~18:00,09:00~13:00,-,-,-
의료법인정안의료재단중앙병원,지역응급의료기관,종합병원,052-226-1100,울산광역시 남구 문수로480번길 10 (신정동),09:00~18:00,09:00~18:00,09:00~18:00,09:00~18:00,09:00~18:00,09:00~13:00,-,-,-
(의)내경의료재단울산제일병원,응급의료기관 외의 의료기관(응급의료시설),병원,052-220-3300,울산광역시 남구 남산로354번길 26 (신정동),09:00~18:00,09:00~18:00,09:00~18:00,09:00~18:00,09:00~18:00,09:00~13:00,-,-,-
의료법인 송은의료재단 울산시티병원,지역응급의료기관,종합병원,052-280-9000,울산광역시 북구 산업로 1007 (연암동),09:00~18:00,09:00~18:00,09:00~18:00,09:00~18:00,09:00~18:00,09:00~13:00,-,-,-
세종충남대학교병원,지역응급의료센터,종합병원,044-995-4101,"세종특별자치시 보듬7로 20, 세종충남대학교병원 (도담동)",09:00~18:00,09:00~18:00,09:00~18:00,09:00~18:00,09:00~18:00,-,-,-,-
엔케이(NK)세종병원,지역응급의료기관,종합병원,044-850-7700,"세종특별자치시 한누리대로 161, 세종시 NK리움힐 상가 1~8층 (나성동)",09:00~18:00,09:00~18:00,09:00~18:00,09:00~18:00,09:00~18:00,09:00~13:00,-,-,-
한림대학교성심병원,권역응급의료센터,상급종합병원,031-380-1500,경기도 안양시 동안구 관평로170번길 22 (평촌동),09:00~17:00,09:00~17:00,09:00~17:00,09:00~17:00,09:00~17:00,09:00~12:00,-,-,http://hallym.hallym.or.kr/
의료법인플러스의료재단단원병원,지역응급의료기관,종합병원,031-8040-6600,"경기도 안산시 단원구 원포공원1로 20, 동의성단원병원 (초지동)",09:00~18:00,09:00~18:00,09:00~18:00,09:00~18:00,09:00~18:00,09:00~13:00,-,-,-
가톨릭대학교의정부성모병원,권역응급의료센터,종합병원,1661-7500,"경기도 의정부시 천보로 271, 의정부성모병원 (금오동)",08:30~17:00,08:30~17:00,08:30~17:00,08:30~17:00,08:30~17:00,08:30~12:00,-,-,http://www.cmcujb.or.kr/
국군수도병원,지역응급의료기관,종합병원,031-725-6154,경기도 성남시 분당구 새마을로177번길 81 (율동),09:00~18:00,09:00~18:00,09:00~18:00,09:00~18:00,09:00~18:00,-,-,-,-
대진의료재단분당제생병원,지역응급의료센터,종합병원,031-779-0114,경기도 성남시 분당구 서현로180번길 20 (서현동),09:00~16:30,09:00~16:30,09:00~16:30,09:00~16:30,09:00~16:30,09:00~11:00,-,-,-
분당서울대학교병원,권역응급의료센터,상급종합병원,031-787-2114,"경기도 성남시 분당구 구미로173번길 82 (구미동, 분당서울대학교병원)",09:00~16:30,09:00~16:30,09:00~16:30,09:00~16:30,09:00~16:30,09:00~11:30,-,-,http://www.snubh.org/index.do
의료법인양진의료재단평택성모병원,지역응급의료센터,종합병원,1800-8800,경기도 평택시 평택로 284 (세교동),08:30~17:30,08:30~17:30,08:30~17:30,08:30~17:30,08:30~17:30,08:30~13:00,-,-,-
차의과학대학교분당차병원,권역응급의료센터,종합병원,031-780-5000,경기도 성남시 분당구 야탑로 59 (야탑동),08:30~16:30,08:30~16:30,08:30~16:30,08:30~16:30,08:30~16:30,08:30~11:30,-,-,http://bundang.chamc.co.kr
학교법인을지학원의정부을지대학교병원,지역응급의료기관,종합병원,031-951-3297,"경기도 의정부시 동일로 712, 을지대학교 의정부캠퍼스 및 부속병원 (금오동)",09:00~18:00,09:00~18:00,09:00~18:00,09:00~18:00,09:00~18:00,09:00~13:00,-,-,-
효산의료재단안양샘병원,지역응급의료센터,종합병원,031-467-9717,"경기도 안양시 만안구 삼덕로 9 (안양동, 안양샘병원)",08:30~17:30,08:30~17:30,08:30~17:30,08:30~17:30,08:30~17:30,08:30~12:30,-,-,-
국립암센터,지역응급의료기관,종합병원,031-920-0114,경기도 고양시 일산동구 일산로 323 (마두동),08:00~16:00,08:00~16:00,08:00~16:00,08:00~16:00,08:00~16:00,08:00~11:30,-,-,http://www.ncc.re.kr
의료법인원광의료재단원광종합병원,지역응급의료기관,종합병원,031-8077-7200,경기도 화성시 화산북로 21 (송산동),09:00~17:30,09:00~17:30,09:00~17:30,09:00~17:30,09:00~17:30,09:00~12:30,-,-,-
인제대학교일산백병원,지역응급의료센터,종합병원,031-910-7114,경기도 고양시 일산서구 주화로 170 (대화동),08:00~17:00,08:00~17:00,08:00~17:00,08:00~17:00,08:00~17:00,08:00~12:00,-,-,http://www.paik.ac.kr/ilsan/
(의)영문의료재단다보스병원,지역응급의료센터,종합병원,031-8021-2000,"경기도 용인시 처인구 백옥대로1082번길 18, 다보스종합병원 (김량장동)",09:00~18:00,09:00~18:00,09:00~18:00,09:00~18:00,09:00~18:00,09:00~13:00,-,-,-
무척조은병원,응급의료기관 외의 의료기관(응급의료시설),병원,031-954-1400,경기도 파주시 문산읍 방촌로 1675-20,09:00~17:30,09:00~17:30,09:00~17:30,09:00~17:30,09:00~17:30,09:00~12:30,-,-,-
문산중앙병원,응급의료기관 외의 의료기관(응급의료시설),병원,031-950-9000,"경기도 파주시 문산읍 문향로39번길 53, 문산중앙병원",00:00~24:00,00:00~24:00,00:00~24:00,00:00~24:00,00:00~24:00,00:00~24:00,00:00~24:00,00:00~24:00,-
광명성애병원,지역응급의료센터,종합병원,02-2680-7114,"경기도 광명시 디지털로 36, 광명성애병원 (철산동)",09:00~17:00,09:00~17:00,09:00~17:00,09:00~17:00,09:00~17:00,09:00~12:00,-,-,http://www.ksungae.co.kr/Index.asp
현대병원,지역응급의료센터,종합병원,031-574-9118~9,경기도 남양주시 진접읍 봉현로 21,08:30~17:00,08:30~17:00,08:30~17:00,08:30~17:00,08:30~17:00,08:30~12:30,-,-,-
순천의료재단정병원,지역응급의료기관,종합병원,031-757-8900,"경기도 성남시 수정구 수정로 76, 지하3~10층 (수진동)",08:30~17:30,08:30~17:30,08:30~17:30,08:30~17:30,08:30~17:30,08:30~12:30,-,-,-
의료법인남촌의료재단시화병원,지역응급의료센터,종합병원,1811-7000,"경기도 시흥시 군자천로 381, 시화병원 (정왕동)",09:00~18:00,09:00~18:00,09:00~18:00,09:00~18:00,09:00~18:00,09:00~13:00,-,-,-
의료법인녹향의료재단신천연합병원,지역응급의료기관,종합병원,031-310-6300,"경기도 시흥시 복지로 57, 복지로 61, 2층 (대야동)",08:30~17:30,08:30~17:30,08:30~17:30,08:30~17:30,08:30~17:30,08:30~12:30,-,-,-
의료법인석경의료재단센트럴병원,지역응급의료기관,종합병원,031-8041-3000,"경기도 시흥시 공단1대로 237 (정왕동, 센트럴 병원)",08:30~17:30,08:30~17:30,08:30~17:30,08:30~17:30,08:30~17:30,08:30~12:30,-,-,-
의료법인청파의료재단송탄중앙병원,응급의료기관 외의 의료기관(응급의료시설),병원,031-612-7000,경기도 평택시 오좌동길 17-16 (독곡동),09:00~18:00,09:00~18:00,09:00~18:00,09:00~18:00,09:00~18:00,09:00~13:00,-,-,-
추병원,지역응급의료기관,종합병원,031-845-7777,경기도 의정부시 평화로 650 (의정부동),09:00~18:00,09:00~18:00,09:00~18:00,09:00~18:00,09:00~18:00,09:00~12:30,-,-,-
가톨릭대학교부천성모병원,지역응급의료센터,종합병원,032-1577-0675,"경기도 부천시 소사로 327, 가톨릭대학교 부천성모병원 (소사동)",08:30~17:00,08:30~17:00,08:30~17:00,08:30~17:00,08:30~17:00,08:30~12:00,-,-,http://www.cmcbucheon.or.kr
부천우리병원,응급의료기관 외의 의료기관(응급의료시설),종합병원,032-672-4100,"경기도 부천시 소사로 726, 지하4층~지상5층 (원종동)",09:00~18:00,09:00~18:00,09:00~18:00,09:00~18:00,09:00~18:00,09:00~13:00,-,-,-
의료법인대인의료재단다니엘종합병원,지역응급의료기관,종합병원,032-670-0001,"경기도 부천시 중동로 361, 다니엘종합병원 (약대동)",09:00~18:00,09:00~18:00,09:00~18:00,09:00~18:00,09:00~18:00,09:00~13:00,-,-,-
의료법인명지의료재단명지병원,권역응급의료센터,종합병원,031-810-5114,경기도 고양시 덕양구 화수로14번길 55 (화정동),08:30~17:30,08:30~17:30,08:30~17:30,08:30~17:30,08:30~17:30,08:30~12:30,-,-,http://www.kdmc.or.kr
의료법인일심의료재단우리병원,지역응급의료기관,종합병원,031-542-0222,경기도 포천시 소흘읍 호국로 661,09:00~18:00,09:00~18:00,09:00~18:00,09:00~18:00,09:00~18:00,09:00~13:00,00:00~24:00,00:00~24:00,http://www.swoori.co.kr/
한양대학교구리병원,지역응급의료센터,종합병원,1644-9118,경기도 구리시 경춘로 153 (교문동),09:00~17:00,09:00~17:00,09:00~17:00,09:00~17:00,09:00~17:00,09:00~12:00,-,-,http://guri.hyumc.com/index.asp?
성남시의료원,지역응급의료기관,종합병원,031-738-7000,"경기도 성남시 수정구 수정로171번길 10, 성남시의료원 (태평동)",09:00~17:00,09:00~17:00,09:00~17:00,09:00~17:00,09:00~17:00,-,-,-,-
원광대학교산본병원,지역응급의료센터,종합병원,031-390-2300,경기도 군포시 산본로 321 (산본동),08:30~17:30,08:30~17:30,08:30~17:30,08:30~17:30,08:30~17:30,08:30~12:30,-,-,-
효산의료재단지샘병원,지역응급의료센터,종합병원,031-389-3000,"경기도 군포시 군포로 591 (당동, (G샘병원)군포샘병원)",08:30~17:30,08:30~17:30,08:30~17:30,08:30~17:30,08:30~17:30,08:30~12:30,-,-,-
동안산병원,응급의료기관 외의 의료기관(응급의료시설),병원,031-410-1116,경기도 안산시 상록구 월피로 88 (월피동),00:00~24:00,00:00~24:00,00:00~24:00,00:00~24:00,00:00~24:00,00:00~24:00,00:00~24:00,00:00~24:00,http://www.dongansan.com/
의료법인갈렌의료재단박병원,지역응급의료기관,종합병원,031-666-2600,경기도 평택시 송탄로 33 (장당동),09:00~18:00,09:00~18:00,09:00~18:00,09:00~18:00,09:00~18:00,08:30~15:00,-,-,-
(의)효심의료재단용인서울병원,지역응급의료기관,병원,031-337-0114,경기도 용인시 처인구 고림로 81 (고림동),09:00~18:00,09:00~18:00,09:00~18:00,09:00~18:00,09:00~18:00,09:00~13:00,-,-,-
가톨릭대학교성빈센트병원,지역응급의료센터,종합병원,031-1577-8588,경기도 수원시 팔달구 중부대로 93 (지동),09:00~17:00,09:00~17:00,09:00~17:00,09:00~17:00,09:00~17:00,-,-,-,-
순천향대학교부속부천병원,권역응급의료센터,상급종합병원,032-621-5114,경기도 부천시 조마루로 170 (중동),09:00~17:00,09:00~17:00,09:00~17:00,09:00~17:00,09:00~17:00,09:00~12:00,-,-,http://www.schmc.ac.kr/bucheon/kor/index.do
국민건강보험공단일산병원,지역응급의료센터,종합병원,1577-0013,"경기도 고양시 일산동구 일산로 100 (백석동,백석1동 1241외1필지 4층)",08:30~17:30,08:30~17:30,08:30~17:30,08:30~17:30,08:30~17:30,09:00~13:00,-,-,http://www.nhimc.or.kr
의료법인성광의료재단일산차병원,응급의료기관 외의 의료기관(응급의료시설),종합병원,031-782-8300,"경기도 고양시 일산동구 중앙로 1205, 지하1층(일부),지하2층,지하4층(일부),1층(일부),3층(일부),4~5층,6층(일부),7~10층 (장항동)",08:30~17:30,08:30~17:30,08:30~17:30,08:30~17:30,08:30~17:30,08:30~12:30,-,-,-
아주대학교병원,권역응급의료센터,상급종합병원,031-219-5114,경기도 수원시 영통구 월드컵로 164 (원천동),09:00~17:00,09:00~17:00,09:00~17:00,09:00~17:00,09:00~17:00,-,-,-,http://hosp.ajoumc.or.kr/
안성성모병원,지역응급의료기관,종합병원,031-675-6007,경기도 안성시 시장길 58 (서인동),08:30~17:30,08:30~17:30,08:30~17:30,08:30~17:30,08:30~17:30,08:30~13:00,-,-,http://www.ansmc.co.kr
양평병원,지역응급의료기관,병원,031-770-5000,경기도 양평군 양평읍 중앙로 129,08:25~17:00,08:25~17:00,08:25~17:00,08:25~17:00,08:25~17:00,08:25~12:35,-,-,http://www.ypghosp.co.kr/
한림대학교동탄성심병원,지역응급의료센터,종합병원,031-8086-3000,경기도 화성시 큰재봉길 7 (석우동),08:30~17:30,08:30~17:30,08:30~17:30,08:30~17:30,08:30~17:30,08:30~11:30,-,-,http://dongtan.hallym.or.kr/
의료법인영동의료재단의정부백병원,지역응급의료기관,종합병원,031-856-8111,경기도 의정부시 금신로 322 (신곡동),08:30~17:30,08:30~17:30,08:30~17:30,08:30~17:30,08:30~17:30,08:30~13:00,-,-,-
강남병원,지역응급의료센터,종합병원,031-300-0114,"경기도 용인시 기흥구 중부대로 411, 강남병원 (신갈동)",08:30~17:30,08:30~17:30,08:30~17:30,08:30~17:30,08:30~17:30,08:30~12:30,-,-,http://www.knmc.or.kr
의료법인백송의료재단굿모닝병원,지역응급의료센터,종합병원,031-5182-7700,경기도 평택시 중앙로 338 (합정동),08:30~17:30,08:30~17:30,08:30~17:30,08:30~17:30,08:30~17:30,08:30~13:00,-,-,-
경기도의료원파주병원,지역응급의료센터,종합병원,031-940-9100,"경기도 파주시 중앙로 207, 경기도립의료원파주병원 (금촌동)",08:30~17:30,08:30~17:30,08:30~17:30,08:30~17:30,08:30~17:30,-,-,-,-
근로복지공단안산병원,지역응급의료기관,종합병원,031-500-1114,"경기도 안산시 상록구 구룡로 87, 근로복지공단안산병원 (일동)",08:30~17:30,08:30~17:30,08:30~17:30,08:30~17:30,08:30~17:30,08:30~12:30,-,-,http://www.kcomwel.or.kr/hospital/ansan/
경기도의료원이천병원,지역응급의료센터,종합병원,031-630-4200,경기도 이천시 경충대로 2742 (관고동),08:30~17:30,08:30~17:30,08:30~17:30,08:30~17:30,08:30~17:30,-,-,-,-
동두천중앙성모병원,응급의료기관 외의 의료기관(응급의료시설),병원,031-863-0550,경기도 동두천시 동광로 53 (생연동),09:00~17:30,09:00~17:30,09:00~17:30,09:00~17:30,09:00~17:30,09:00~14:30,00:00~24:00,00:00~24:00,http://www.djsh.co.kr/
오산한국병원,지역응급의료센터,종합병원,031-379-8300,경기도 오산시 밀머리로1번길 16 (원동),09:00~18:00,09:00~18:00,09:00~18:00,09:00~18:00,09:00~18:00,09:00~13:00,-,-,http://www.oshankook.net/
성남중앙병원,지역응급의료기관,종합병원,031-743-3000,경기도 성남시 중원구 산성대로476번길 12 (금광동),08:45~17:00,08:45~17:00,08:45~17:00,08:45~17:00,08:45~17:00,08:45~12:30,-,-,http://www.schosp.co.kr
남양주한양병원,지역응급의료센터,종합병원,031-510-0114,경기도 남양주시 오남읍 양지로 47-55,09:00~17:30,09:00~17:30,09:00~17:30,09:00~17:30,09:00~17:30,09:00~12:30,-,-,-
인산의료재단메트로병원,응급의료기관 외의 의료기관(응급의료시설),종합병원,031-467-9000,"경기도 안양시 만안구 명학로33번길 8 (안양동, 메트로병원)",08:30~17:00,08:30~17:00,08:30~17:00,08:30~17:00,08:30~17:00,08:30~12:30,-,-,-
바른병원,응급의료기관 외의 의료기관(응급의료시설),병원,031-630-0300,"경기도 이천시 경충대로 2543, 바른병원 (진리동)",00:00~24:00,00:00~24:00,00:00~24:00,00:00~24:00,00:00~24:00,00:00~24:00,00:00~24:00,00:00~24:00,-
의료법인명인의료재단화홍병원,지역응급의료기관,병원,031-278-0119,경기도 수원시 권선구 호매실로90번길 98 (호매실동),08:30~17:30,08:30~17:30,08:30~17:30,08:30~17:30,08:30~17:30,08:30~12:30,-,-,-
의료법인녹산의료재단동수원병원,지역응급의료센터,종합병원,031-210-0114,경기도 수원시 팔달구 중부대로 165 (우만동),08:40~17:00,08:40~17:00,08:40~17:00,08:40~17:00,08:40~17:00,08:40~12:00,-,-,-
에이치제이매그놀리아국제병원,응급의료기관 외의 의료기관(응급의료시설),병원,031-589-4300,경기도 가평군 설악면 미사리로 267-177,09:00~18:00,09:00~18:00,09:00~18:00,09:00~18:00,09:00~18:00,09:00~12:00,-,-,http://www.csmc.or.kr
고려대학교의과대학부속안산병원,지역응급의료센터,상급종합병원,031-412-5653,경기도 안산시 단원구 적금로 123 (고잔동),09:30~16:30,09:30~16:30,09:30~16:30,09:30~16:30,08:30~17:30,09:30~12:00,-,-,http://ansan.kumc.or.kr/main/index.do
온누리병원,응급의료기관 외의 의료기관(응급의료시설),병원,031-412-2200,경기도 안산시 단원구 선부로 201 (선부동),09:00~17:30,09:00~17:30,09:00~17:30,09:00~17:30,09:00~17:30,09:00~13:00,00:00~24:00,00:00~24:00,-
동국대학교일산불교병원,지역응급의료센터,종합병원,031-1577-7000,"경기도 고양시 일산동구 동국로 27 (식사동, 동국대학교일산병원)",08:30~17:00,08:30~17:00,08:30~17:00,08:30~17:00,08:30~17:00,08:30~13:00,-,-,http://www.dumc.or.kr/isom
부천세종병원,지역응급의료센터,종합병원,032-340-1114,"경기도 부천시 호현로489번길 28 (소사본동, 세종병원)",08:30~17:30,08:30~17:30,08:30~17:30,08:30~17:30,08:30~17:30,08:30~12:30,-,-,http://www.sejongh.co.kr
수원중앙병원,응급의료기관 외의 의료기관(응급의료시설),병원,031-229-9777,경기도 수원시 권선구 권선로 654 (권선동),09:00~18:00,09:00~18:00,09:00~18:00,09:00~18:00,09:00~18:00,09:00~13:00,-,-,http://www.cheongpa.or.kr
의료법인우리의료재단김포우리병원,지역응급의료센터,종합병원,031-999-1000,"경기도 김포시 감암로 11, 김포우리병원 (걸포동)",09:00~17:30,09:00~17:30,09:00~17:30,09:00~17:30,09:00~17:30,09:00~13:00,-,-,http://www.gwhospital.co.kr/
조은오산병원,응급의료기관 외의 의료기관(응급의료시설),종합병원,1544-5355,경기도 오산시 오산로 307 (오산동),09:00~18:00,09:00~18:00,09:00~18:00,09:00~18:00,09:00~18:00,09:00~13:00,-,-,-
연세대학교의과대학용인세브란스병원,지역응급의료센터,종합병원,1899-1004,경기도 용인시 기흥구 동백죽전대로 363 (중동),08:30~17:30,08:30~17:30,08:30~17:30,08:30~17:30,08:30~17:30,09:00~12:00,-,-,-
연천군보건의료원,지역응급의료기관,보건의료원,031-839-4001,경기도 연천군 전곡읍 은대성로 95 (전곡읍),08:00~17:00,08:00~17:00,08:00~17:00,08:00~17:00,08:00~17:00,-,-,-,http://health.iyc21.net
세종여주병원,지역응급의료기관,병원,031-880-7700,"경기도 여주시 청심로 39, 세종여주병원 (하동)",09:00~18:00,09:00~18:00,09:00~18:00,09:00~18:00,09:00~18:00,09:00~13:00,-,-,-
남양주나눔병원,지역응급의료기관,종합병원,031-570-1000,경기도 남양주시 오남읍 진건오남로797번길 9 (오남읍),09:00~18:00,09:00~18:00,09:00~18:00,09:00~18:00,09:00~18:00,09:00~13:00,-,-,-
참조은병원,지역응급의료센터,종합병원,1600-9955,경기도 광주시 광주대로 45 (경안동),09:00~17:30,09:00~17:30,09:00~17:30,09:00~17:30,09:00~17:30,08:30~12:30,-,-,-
의료법인인봉의료재단뉴고려병원,지역응급의료센터,종합병원,031-998-8129,"경기도 김포시 김포한강3로 283, 뉴고려병원 (장기동)",08:30~17:30,08:30~17:30,08:30~17:30,08:30~17:30,08:30~17:30,08:30~13:00,-,-,http://www.nkhospital.net
의료법인칠석의료재단사랑의병원,응급의료기관 외의 의료기관(응급의료시설),병원,031-439-3000,"경기도 안산시 상록구 예술광장로 69, 사랑의병원 (성포동)",09:00~17:30,09:00~17:30,09:00~17:30,09:00~17:30,09:00~17:30,09:00~13:00,-,-,http://sarangmc.co.kr
의료법인은혜와감사의료재단화성중앙종합병원,지역응급의료기관,종합병원,031-352-8114,경기도 화성시 향남읍 발안로 5 (향남읍),09:00~18:00,09:00~17:30,09:00~17:30,09:00~17:30,09:00~17:30,09:00~13:00,-,-,-
연세새로운병원,응급의료기관 외의 의료기관(응급의료시설),병원,031-885-7582,경기도 여주시 영릉로 22 (창동),08:30~18:30,08:30~18:30,08:30~18:30,08:30~18:30,08:30~18:30,12:30~24:00,00:00~24:00,00:00~24:00,-
아가페의료재단시티병원,응급의료기관 외의 의료기관(응급의료시설),병원,031-340-0114,경기도 의왕시 오전천로 29 (오전동),09:00~18:00,09:00~17:30,09:00~17:30,09:00~17:30,09:00~17:30,09:00~13:00,-,-,-
의료법인일산복음병원,응급의료기관 외의 의료기관(응급의료시설),병원,031-977-5000,"경기도 고양시 일산동구 고양대로 760, 가동 (중산동, 일산복음병원)",09:00~17:30,09:00~17:30,09:00~17:30,09:00~17:30,09:00~17:30,09:00~12:30,00:00~24:00,00:00~24:00,http://www.isgh.co.kr
윤서병원,응급의료기관 외의 의료기관(응급의료시설),병원,031-553-6650,경기도 구리시 건원대로 47 (인창동),09:00~18:00,09:00~18:00,09:00~18:00,09:00~18:00,09:00~18:00,09:00~14:30,-,-,-
성심중앙병원,응급의료기관 외의 의료기관(응급의료시설),병원,031-681-1119,"경기도 평택시 안중읍 안현로서6길 16, 성심중앙병원 (안중읍)",09:00~19:00,09:00~19:00,09:00~19:00,09:00~19:00,09:00~19:00,09:00~13:00,-,-,-
원병원,응급의료기관 외의 의료기관(응급의료시설),병원,031-590-3114,경기도 남양주시 화도읍 경춘로 1943-16 (화도읍),09:00~18:00,09:00~18:00,09:00~18:00,09:00~18:00,09:00~18:00,09:00~13:00,-,-,-
강릉아산병원,권역응급의료센터,상급종합병원,033-610-3114,강원도 강릉시 사천면 방동길 38,08:30~17:30,08:30~17:30,08:30~17:30,08:30~17:30,08:30~17:30,08:30~12:30,-,-,http://www.gnah.co.kr
강원도영월의료원,지역응급의료기관,종합병원,033-370-9101,강원도 영월군 영월읍 중앙1로 59 (영월읍),08:30~17:30,08:30~17:30,08:30~17:30,08:30~17:30,08:30~17:30,-,-,-,-
근로복지공단동해병원,지역응급의료기관,병원,033-530-3100,강원도 동해시 하평로 11 (평릉동),08:30~17:30,08:30~17:30,08:30~17:30,08:30~17:30,08:30~17:30,-,-,-,-
의료법인 동해동인병원,지역응급의료기관,종합병원,033-530-0119,강원도 동해시 하평로 26 (평릉동),09:00~17:00,09:00~17:00,09:00~17:00,09:00~17:00,09:00~17:00,09:00~12:00,-,-,-
화천군보건의료원,지역응급의료기관,보건의료원,033-442-7115,강원도 화천군 화천읍 강변로 111 (화천군보건의료원),09:00~18:00,09:00~18:00,09:00~18:00,09:00~18:00,09:00~18:00,-,-,-,-
근로복지공단정선병원,지역응급의료기관,병원,033-560-7100,강원도 정선군 정선읍 봉양1길 145,08:30~17:30,08:30~17:30,08:30~17:30,08:30~17:30,08:30~17:30,-,-,-,-
강원대학교병원,지역응급의료센터,종합병원,033-258-2000,강원도 춘천시 백령로 156 (효자동),08:30~17:30,08:30~17:30,08:30~17:30,08:30~17:30,08:30~17:30,-,-,-,http://www.knuh.or.kr/main/main.asp
홍천아산병원,지역응급의료기관,종합병원,033-430-5151,강원도 홍천군 홍천읍 산림공원1길 17,08:30~17:30,08:30~17:30,08:30~17:30,08:30~17:30,08:30~17:30,08:30~12:30,-,-,http://www.hch.or.kr
의료법인 성심의료재단 양구성심병원,지역응급의료기관,병원,033-480-8803,강원도 양구군 양구읍 중심로 160,09:00~18:00,09:00~18:00,09:00~18:00,09:00~18:00,09:00~18:00,09:00~13:00,-,-,-
의료법인성지의료재단성지병원,지역응급의료기관,병원,033-760-3101,강원도 원주시 원일로 22 (인동),09:00~18:00,09:00~18:00,09:00~18:00,09:00~18:00,09:00~18:00,09:00~13:00,-,-,-
의료법인강릉동인병원,지역응급의료센터,종합병원,033-651-6161,강원도 강릉시 강릉대로419번길 42 (포남동),09:00~17:00,09:00~17:00,09:00~17:00,09:00~17:00,09:00~17:00,09:00~12:00,-,-,-
강원도속초의료원,지역응급의료센터,종합병원,033-630-6000,강원도 속초시 영랑호반길 3 (영랑동),08:30~17:30,08:30~17:30,08:30~17:30,08:30~17:30,08:30~17:30,-,-,-,http://www.sokchomc.co.kr
철원병원,지역응급의료기관,병원,033-452-5011,강원도 철원군 갈말읍 명성로 208-0 (갈말읍),08:30~17:30,08:30~17:30,08:30~17:30,08:30~17:30,08:30~17:30,-,-,-,-
횡성대성병원,지역응급의료기관,병원,033-343-0901,강원도 횡성군 횡성읍 횡성로 275,09:00~18:00,09:00~18:00,09:00~18:00,09:00~18:00,09:00~18:00,09:00~13:00,-,-,-
의료법인보광의료재단속초보광병원,지역응급의료기관,종합병원,033-639-8500,강원도 속초시 중앙로 11 (교동),09:00~17:30,09:00~17:30,09:00~17:30,09:00~17:30,09:00~17:30,09:00~12:30,-,-,-
강원도삼척의료원,지역응급의료센터,종합병원,033-572-1141,강원도 삼척시 오십천로 418 (남양동),09:00~18:00,09:00~18:00,09:00~18:00,09:00~18:00,09:00~18:00,-,-,-,-
근로복지공단태백병원,지역응급의료기관,종합병원,033-580-3114,강원도 태백시 보드미길 8 (장성동),08:30~17:30,08:30~17:30,08:30~17:30,08:30~17:30,08:30~17:30,08:30~12:30,-,-,-
한림대학교춘천성심병원,권역응급의료센터,종합병원,033-240-5000,강원도 춘천시 삭주로 77 (교동),08:30~17:30,08:30~17:30,08:30~17:30,08:30~17:30,08:30~17:30,08:30~12:30,-,-,-
평창군보건의료원,지역응급의료기관,보건의료원,033-332-4000,강원도 평창군 평창읍 노성로 11 (평창읍),09:00~18:00,09:00~18:00,09:00~18:00,09:00~18:00,09:00~18:00,-,-,-,-
연세대학교원주세브란스기독병원,권역응급의료센터,상급종합병원,033-741-0114,강원도 원주시 일산로 20 (일산동),08:30~17:30,08:30~17:30,08:30~17:30,08:30~17:30,08:30~17:30,-,-,-,-
강원도원주의료원,지역응급의료기관,종합병원,033-761-6911,"강원도 원주시 서원대로 387 (개운동, 지방공사강원도원주의료원)",08:30~17:30,08:30~17:30,08:30~17:30,08:30~17:30,08:30~17:30,-,-,-,-
의산의료재단강릉고려병원,응급의료기관 외의 의료기관(응급의료시설),종합병원,033-642-1988,강원도 강릉시 옥가로 30 (옥천동),09:00~18:00,09:00~18:00,09:00~18:00,09:00~18:00,09:00~18:00,09:00~13:00,-,-,-
재)정선의료재단군립병원,응급의료기관 외의 의료기관(응급의료시설),병원,033-592-3121,"강원도 정선군 사북읍 지장천로 727, 재)정선의료재단 군립병원 (사북읍)",08:30~17:30,08:30~17:30,08:30~17:30,08:30~17:30,08:30~17:30,-,-,-,-
충북대학교병원,권역응급의료센터,상급종합병원,043-269-6114,충청북도 청주시 서원구 1순환로 776 (개신동),09:00~17:00,09:00~17:00,09:00~17:00,09:00~17:00,09:00~17:00,-,-,-,http://www.cbnuh.or.kr/business/main.action
충청북도청주의료원,지역응급의료기관,종합병원,043-279-2300,충청북도 청주시 서원구 흥덕로 48 (사직동),08:30~17:30,08:30~17:30,08:30~17:30,08:30~17:30,08:30~17:30,-,-,-,-
의료법인한마음의료재단하나병원,지역응급의료기관,종합병원,043-230-6114,충청북도 청주시 흥덕구 2순환로 1262 (가경동),09:00~18:00,09:00~18:00,09:00~18:00,09:00~18:00,09:00~18:00,09:00~13:00,-,-,http://www.cjhana.co.kr
의료법인명지의료재단명지병원,지역응급의료기관,종합병원,043-640-8114,"충청북도 제천시 내토로 991 (고암동, 의료법인 명지의료재단 명지병원)",08:30~17:30,08:30~17:30,08:30~17:30,08:30~17:30,08:30~17:30,08:30~12:30,-,-,http://www.jcmj.co.kr/top/bbs/board.php?bo_table=a01
건국대학교충주병원,지역응급의료센터,종합병원,043-840-8593,충청북도 충주시 국원대로 82 (교현동),08:30~16:30,08:30~16:30,08:30~16:30,08:30~16:30,08:30~16:30,08:30~12:00,-,-,-
의료법인대광의료재단괴산성모병원,지역응급의료기관,병원,043-830-5400,충청북도 괴산군 괴산읍 임꺽정로 116 (괴산읍),09:00~18:00,09:00~18:00,09:00~18:00,09:00~18:00,09:00~18:00,09:00~13:00,-,-,-
의료법인인화재단한국병원,지역응급의료센터,종합병원,043-222-7000,충청북도 청주시 상당구 단재로 106 (영운동),08:30~17:30,08:30~17:30,08:30~17:30,08:30~17:30,08:30~17:30,08:30~12:30,-,-,-
의료법인정산의료재단효성병원,지역응급의료센터,종합병원,043-221-5000,충청북도 청주시 상당구 쇠내로 16 (금천동),08:30~18:00,08:30~18:00,08:30~18:00,08:30~18:00,08:30~18:00,08:30~13:00,-,-,-
의료법인힐링의료재단옥천성모병원,지역응급의료기관,종합병원,043-730-7000,충청북도 옥천군 옥천읍 성왕로 1195 (옥천읍),08:30~17:30,08:30~17:30,08:30~17:30,08:30~17:30,08:30~17:30,08:30~13:00,-,-,-
의료법인태성의료재단금왕태성병원,지역응급의료기관,병원,043-883-8800,충청북도 음성군 금왕읍 음성로1230번길 10,09:00~18:00,09:00~18:00,09:00~18:00,09:00~18:00,09:00~18:00,09:00~13:00,-,-,-
의료법인건명의료재단진천성모병원,지역응급의료기관,종합병원,043-533-1711,충청북도 진천군 진천읍 중앙북로 36,09:00~17:30,09:00~17:30,09:00~17:30,09:00~17:30,09:00~17:30,09:00~12:30,-,-,-
오창중앙병원,응급의료기관 외의 의료기관(응급의료시설),병원,043-218-0119,충청북도 청주시 청원구 오창읍 중부로 683,09:00~18:00,09:00~18:00,09:00~18:00,09:00~18:00,09:00~18:00,09:00~13:00,-,-,-
의료법인자산의료재단제천서울병원,지역응급의료센터,종합병원,043-642-7606,충청북도 제천시 숭문로 57 (서부동),09:00~18:00,09:00~18:00,09:00~18:00,09:00~18:00,09:00~18:00,09:00~13:00,-,-,-
충청북도충주의료원,지역응급의료기관,종합병원,043-871-0114,충청북도 충주시 안림로 239-50 (안림동),08:30~17:30,08:30~17:30,08:30~17:30,08:30~17:30,08:30~17:30,08:30~12:30,-,-,-
의료법인조윤의료재단영동병원,지역응급의료기관,병원,043-740-9000,충청북도 영동군 영동읍 대학로 106,08:30~17:30,08:30~17:30,08:30~17:30,08:30~17:30,08:30~17:30,08:30~12:30,-,-,-
청주성모병원,지역응급의료센터,종합병원,043-219-8000,충청북도 청주시 청원구 주성로 173-19 (주중동),08:30~17:30,08:30~17:30,08:30~17:30,08:30~17:30,08:30~17:30,08:30~12:30,-,-,http://www.ccmc.or.kr
의료법인정민의료재단보은한양병원,응급의료기관 외의 의료기관(응급의료시설),병원,043-544-1500,충청북도 보은군 보은읍 보은로 102,08:30~18:00,08:30~18:00,08:30~18:00,08:30~18:00,08:30~18:00,08:30~13:00,-,-,-
단양군립노인요양병원,응급의료기관 외의 의료기관(응급의료시설),요양병원,043-423-8845,충청북도 단양군 별곡6길 10 (단양읍),09:00~18:00,09:00~18:00,09:00~18:00,09:00~18:00,09:00~18:00,09:00~18:00,-,-,-
청주현대병원,응급의료기관 외의 의료기관(응급의료시설),병원,043-237-2114,충청북도 청주시 흥덕구 비하로 65 (비하동),09:00~18:00,09:00~18:00,09:00~18:00,09:00~18:00,09:00~18:00,09:00~13:00,-,-,-
충청남도홍성의료원,지역응급의료센터,종합병원,041-630-6251,충청남도 홍성군 홍성읍 조양로 224,08:30~17:30,08:30~17:30,08:30~17:30,08:30~17:30,08:30~17:30,-,-,-,-
충청남도공주의료원,지역응급의료기관,종합병원,041-962-1111,충청남도 공주시 무령로 77 (웅진동),08:30~17:30,08:30~17:30,08:30~17:30,08:30~17:30,08:30~17:30,-,-,-,-
충청남도서산의료원,지역응급의료센터,종합병원,041-689-7000,충청남도 서산시 중앙로 149 (석림동),08:30~17:30,08:30~17:30,08:30~17:30,08:30~17:30,08:30~17:30,-,-,-,-
학교법인건양교육재단건양대학교부여병원,지역응급의료기관,병원,041-837-1200,충청남도 부여군 부여읍 계백로 200,08:30~17:30,08:30~17:30,08:30~17:30,08:30~17:30,08:30~17:30,08:30~12:30,-,-,-
단국대학교의과대학부속병원,권역응급의료센터,상급종합병원,041-550-7114,"충청남도 천안시 동남구 망향로 201 (안서동, 단국대학교의과대학부속병원)",09:00~17:00,09:00~17:00,09:00~17:00,09:00~17:00,09:00~17:00,09:00~12:30,-,-,-
의료법인예당의료재단예산종합병원,응급의료기관 외의 의료기관(응급의료시설),종합병원,041-330-4000,충청남도 예산군 예산읍 금오대로 94,08:30~17:30,08:30~17:30,08:30~17:30,08:30~17:30,08:30~17:30,08:30~12:00,-,-,-
예산명지병원,응급의료기관 외의 의료기관(응급의료시설),병원,041-335-2255,충청남도 예산군 예산읍 신례원로 26,08:30~17:30,08:30~17:30,08:30~17:30,08:30~17:30,08:30~17:30,08:30~12:30,-,-,-
재단법인아산사회복지재단보령아산병원,지역응급의료기관,종합병원,041-930-5114,충청남도 보령시 죽성로 136 (죽정동),08:30~21:30,08:30~21:30,08:30~21:30,08:30~21:30,08:30~21:30,08:30~17:30,08:30~17:30,08:30~17:30,-
의료법인서해병원,지역응급의료기관,병원,041-951-8282,충청남도 서천군 서천읍 서천로 184 (서천읍),09:00~18:00,09:00~18:00,09:00~18:00,09:00~18:00,09:00~18:00,09:00~12:30,-,-,-
의료법인영서의료재단천안충무병원,지역응급의료센터,종합병원,041-570-7555,충청남도 천안시 서북구 다가말3길 8 (쌍용동),08:30~17:30,08:30~17:30,08:30~17:30,08:30~17:30,08:30~17:30,08:30~13:00,-,-,-
의료법인백제병원,지역응급의료센터,종합병원,041-733-2191,충청남도 논산시 시민로294번길 14 (취암동),08:30~17:30,08:30~17:30,08:30~17:30,08:30~17:30,08:30~17:30,08:30~13:00,-,-,-
새금산병원,응급의료기관 외의 의료기관(응급의료시설),병원,041-754-8272,충청남도 금산군 금산읍 비단로 183 (금산읍),09:00~24:00,09:00~24:00,09:00~24:00,09:00~24:00,09:00~24:00,09:00~24:00,09:00~24:00,09:00~24:00,-
아산충무병원,지역응급의료센터,종합병원,041-536-6666,충청남도 아산시 문화로 381 (모종동),08:30~17:30,08:30~17:30,08:30~17:30,08:30~17:30,08:30~17:30,08:30~13:00,-,-,-
당진종합병원,지역응급의료센터,종합병원,041-357-0100,충청남도 당진시 반촌로 5-15,08:30~17:30,08:30~17:30,08:30~17:30,08:30~17:30,08:30~17:30,08:30~12:30,-,-,-
청양군보건의료원,지역응급의료기관,보건의료원,041-942-3401,충청남도 청양군 청양읍 칠갑산로7길 54,08:30~17:30,08:30~17:30,08:30~17:30,08:30~17:30,08:30~17:30,-,-,-,-
학교법인동은학원순천향대학교부속천안병원,지역응급의료센터,상급종합병원,041-570-2114,충청남도 천안시 동남구 순천향6길 31 (봉명동),08:30~17:00,08:30~17:00,08:30~17:00,08:30~17:00,08:30~17:00,08:30~12:00,-,-,-
서산중앙병원,지역응급의료기관,종합병원,041-661-1000,충청남도 서산시 수석산업로 5 (수석동),08:30~17:30,08:30~17:30,08:30~17:30,08:30~17:30,08:30~17:30,08:30~12:30,-,-,http://www.isjh.co.kr
현대병원,응급의료기관 외의 의료기관(응급의료시설),병원,041-546-3636,충청남도 아산시 시민로 388 (온천동),08:30~17:30,08:30~17:30,08:30~17:30,08:30~17:30,08:30~17:30,08:30~14:30,-,-,-
태안군보건의료원,지역응급의료기관,보건의료원,041-671-5315,충청남도 태안군 태안읍 서해로 1952-16 (태안읍),09:00~18:00,09:00~18:00,09:00~18:00,09:00~18:00,09:00~18:00,-,-,-,http://www.mail.naver.com/
무주군보건의료원,지역응급의료기관,보건의료원,063-320-8314,"전라북도 무주군 무주읍 한풍루로 413, 무주군보건의료원",09:00~18:00,09:00~18:00,09:00~18:00,09:00~18:00,09:00~18:00,-,-,-,http://health.muju.go.kr/index.sko
진안군의료원,지역응급의료기관,병원,063-430-7000,전라북도 진안군 진안읍 진무로 1145,08:30~17:30,08:30~17:30,08:30~17:30,08:30~17:30,08:30~17:30,-,-,-,-
김제우석병원,지역응급의료기관,병원,063-540-5114,"전라북도 김제시 서암4길 45, (서암동)",08:00~18:00,08:00~18:00,08:00~18:00,08:00~18:00,08:00~18:00,08:30~12:30,-,-,-
부안성모병원,지역응급의료기관,종합병원,063-581-5100,전라북도 부안군 부안읍 오정2길 24 (부안읍),09:00~17:00,09:00~17:00,09:00~17:00,09:00~17:00,09:00~17:00,09:00~13:00,-,-,-
의료법인오성의료재단동군산병원,지역응급의료센터,종합병원,063-440-0570,전라북도 군산시 조촌로 149 (조촌동),08:30~17:30,08:30~17:30,08:30~17:30,08:30~17:30,08:30~17:30,08:30~12:30,-,-,-
대자인병원,지역응급의료센터,종합병원,063-240-2000,전라북도 전주시 덕진구 견훤로 390 (우아동3가),09:00~17:30,09:00~17:30,09:00~17:30,09:00~17:30,09:00~17:30,09:00~17:30,09:00~17:30,09:00~17:30,-
의료법인영경의료재단전주병원,지역응급의료센터,종합병원,063-220-7200,"전라북도 전주시 완산구 한두평3길 13 (중화산동2가, 전주병원)",09:00~18:00,09:00~18:00,09:00~18:00,09:00~18:00,09:00~18:00,09:00~13:00,-,-,http://www.jjhospital.co.kr/
재단법인예수병원유지재단예수병원,지역응급의료센터,종합병원,063-230-8114,"전라북도 전주시 완산구 서원로 365 (중화산동1가, 예수병원)",09:00~17:00,09:00~17:00,09:00~17:00,09:00~17:00,09:00~17:00,09:00~12:30,-,-,http://www.jesushospital.com
원광대학교병원,권역응급의료센터,상급종합병원,063-859-1114,전라북도 익산시 무왕로 895 (신동),09:00~17:00,09:00~17:00,09:00~17:00,09:00~17:00,09:00~17:00,-,-,-,http://www.wkuh.org/
전북대학교병원,권역응급의료센터,상급종합병원,063-250-1114,전라북도 전주시 덕진구 건지로 20 (금암동),08:30~17:30,08:30~17:30,08:30~17:30,08:30~17:30,08:30~17:30,-,-,-,http://www.cuh.co.kr/
의료법인대산의료재단익산병원,지역응급의료센터,종합병원,063-840-9114,전라북도 익산시 무왕로 969 (신동),09:00~17:00,09:00~17:00,09:00~17:00,09:00~17:00,09:00~17:00,09:00~13:00,-,-,-
의료법인영경의료재단호성전주병원,지역응급의료기관,병원,063-240-8800,전라북도 전주시 덕진구 동부대로 895 (호성동1가),08:30~17:30,08:30~17:30,08:30~17:30,08:30~17:30,08:30~17:30,08:30~12:30,-,-,-
장수군보건의료원,지역응급의료기관,보건의료원,063-351-8000,전라북도 장수군 장수읍 장천로 247,09:00~18:00,09:00~18:00,09:00~18:00,09:00~18:00,09:00~18:00,-,-,-,http://office.jangsu.go.kr/board/list.sko?boardId=office_notice12&menuCd=ND12001000000&contentsSid=222115
재단법인아산사회복지재단정읍아산병원,지역응급의료센터,종합병원,063-530-6000,전라북도 정읍시 충정로 606-22 (용계동),08:30~16:30,08:30~16:30,08:30~16:30,08:30~16:30,08:30~16:30,-,-,-,-
순창군보건의료원,지역응급의료기관,보건의료원,063-650-5322,전라북도 순창군 순창읍 교성로 135 (순창군보건의료원),08:30~17:30,08:30~17:30,08:30~17:30,08:30~17:30,08:30~17:30,-,-,-,http://health.sunchang.go.kr
전라북도남원의료원,지역응급의료센터,종합병원,063-620-1114,"전라북도 남원시 충정로 365 (고죽동,(고죽동))",08:30~17:30,08:30~17:30,08:30~17:30,08:30~17:30,08:30~17:30,08:30~12:30,-,-,-
의료법인석천재단고창병원,지역응급의료기관,종합병원,063-560-5600,전라북도 고창군 고창읍 화신1길 9 (고창읍),08:00~17:00,08:00~17:00,08:00~17:00,08:00~17:00,08:00~17:00,08:00~12:30,-,08:00~17:00,http://www.gchospital.net/main.php
임실군보건의료원,지역응급의료기관,보건의료원,063-640-3102,전라북도 임실군 임실읍 호국로 1680 (임실읍),09:00~18:00,09:00~18:00,09:00~18:00,09:00~18:00,09:00~18:00,-,-,-,http://bogun.imsil.go.kr
전주고려병원,응급의료기관 외의 의료기관(응급의료시설),종합병원,063-240-7300,전라북도 전주시 덕진구 안덕원로 367,08:30~17:30,08:30~17:30,08:30~17:30,08:30~17:30,08:30~17:30,08:30~12:30,-,-,http://www.jkhospital.co.kr/
의료법인혜성병원,지역응급의료기관,병원,063-583-5001,"전라북도 부안군 부안읍 부령로 33,",08:30~17:00,08:30~17:00,08:30~17:00,08:30~17:00,08:30~17:00,08:30~13:00,-,-,-
의료법인해민의료재단 세안종합병원,지역응급의료기관,종합병원,061-260-6700,전라남도 목포시 고하대로 795-2 (연산동),08:30~17:00,08:30~17:00,08:30~17:00,08:30~17:00,08:30~17:00,08:30~12:30,-,-,-
담양사랑병원,지역응급의료기관,병원,061-380-9000,전라남도 담양군 담양읍 천변7길 19,08:30~17:00,08:30~17:00,08:30~17:00,08:30~17:00,08:30~17:00,08:30~12:00,-,-,http://www.담양사랑병원.com
성가롤로병원,권역응급의료센터,종합병원,061-720-2000,전라남도 순천시 순광로 221 (조례동),09:00~17:00,09:00~17:00,09:00~17:00,09:00~17:00,09:00~17:00,-,-,-,http://www.stcarollo.or.kr
영암한국병원,지역응급의료기관,병원,061-470-7100,전라남도 영암군 영암읍 오리정길 8,08:30~17:30,08:30~17:30,08:30~17:30,08:30~17:30,08:30~17:30,08:30~13:00,-,-,-
해남우리종합병원,지역응급의료기관,종합병원,061-530-7000,전라남도 해남군 옥천면 해남로 597,08:30~17:00,08:30~17:00,08:30~17:00,08:30~17:00,08:30~17:00,08:30~12:30,-,-,-
여수한국병원,응급의료기관 외의 의료기관(응급의료시설),병원,061-689-9000,전라남도 여수시 여천체육공원길 10 (신기동),08:30~17:30,09:00~17:30,09:00~17:30,09:00~17:30,09:00~17:30,08:30~12:30,-,-,-
완도대성병원,지역응급의료기관,병원,061-553-1234,"전라남도 완도군 완도읍 청해진동로 63,",08:30~17:00,08:30~17:00,08:30~17:00,08:30~17:00,08:30~17:00,08:30~13:00,-,-,http://www.wandodaesung.co.kr
의료법인한마음의료재단여수제일병원,지역응급의료기관,병원,061-689-8123,전라남도 여수시 쌍봉로 70 (학동),09:00~18:00,09:00~18:00,09:00~18:00,09:00~18:00,09:00~18:00,09:00~13:00,-,-,-
의료법인영성의료재단고흥종합병원,지역응급의료기관,종합병원,061-835-6000,전라남도 고흥군 고흥읍 고흥로 1935 (고흥읍),08:00~17:30,08:00~17:30,08:00~17:30,08:00~17:30,08:00~17:30,08:00~13:00,-,-,-
의료법인목포구암의료재단 목포중앙병원,지역응급의료센터,종합병원,061-280-3000,전라남도 목포시 영산로 627 (석현동),09:00~18:00,09:00~18:00,09:00~18:00,09:00~18:00,09:00~18:00,09:00~12:30,-,-,-
대송의료재단무안병원,지역응급의료기관,종합병원,061-450-3000,전라남도 무안군 무안읍 몽탄로 65,08:30~17:00,08:30~17:00,08:30~17:00,08:30~17:00,08:30~17:00,08:30~12:00,-,-,-
광양사랑병원,지역응급의료기관,종합병원,061-797-7000,전라남도 광양시 공영로 71 (중동),09:00~18:00,09:00~18:00,09:00~18:00,09:00~18:00,09:00~18:00,09:00~13:00,-,-,http://www.gysarang.com/
여수전남병원,지역응급의료기관,종합병원,061-640-7575,"전라남도 여수시 좌수영로 49 (광무동, 전남병원)",09:00~18:00,09:00~17:00,09:00~17:00,09:00~17:00,09:00~17:00,09:00~13:00,-,-,-
화순전남대학교병원,지역응급의료센터,상급종합병원,061-379-7120,전라남도 화순군 화순읍 서양로 322,09:00~18:00,09:00~18:00,09:00~18:00,09:00~18:00,09:00~18:00,-,-,-,-
전라남도강진의료원,지역응급의료기관,병원,061-433-2167,전라남도 강진군 강진읍 탐진로 5 (강진읍),08:30~17:30,08:30~17:30,08:30~17:30,08:30~17:30,08:30~17:30,-,-,-,-
구례병원,지역응급의료기관,병원,061-780-3300,전라남도 구례군 구례읍 동편제길 4,09:00~18:00,09:00~18:00,09:00~18:00,09:00~18:00,09:00~18:00,09:00~13:00,-,-,-
화순성심병원,지역응급의료기관,병원,061-370-9114,전라남도 화순군 화순읍 만연로 31,09:00~17:30,09:00~17:30,09:00~17:30,09:00~17:30,09:00~17:30,09:00~12:30,-,-,-
순천제일병원,지역응급의료기관,종합병원,061-720-3413,전라남도 순천시 기적의도서관1길 3 (조례동),09:00~18:00,09:00~18:00,09:00~18:00,09:00~18:00,09:00~18:00,09:00~13:00,-,-,-
의료법인 거명의료재단 영광기독병원,지역응급의료기관,종합병원,061-350-3000,전라남도 영광군 영광읍 신남로 265,08:00~17:00,08:00~17:00,08:00~17:00,08:00~17:00,08:00~17:00,08:00~12:30,-,-,-
목포시의료원,지역응급의료기관,종합병원,061-260-6500,전라남도 목포시 이로로 18 (용해동),08:30~17:30,08:30~17:30,08:30~17:30,08:30~17:30,08:30~17:30,-,-,-,http://www.mokpomc.or.kr
나주종합병원,지역응급의료기관,종합병원,061-330-6114,전라남도 나주시 영산로 5419 (성북동),08:30~17:30,08:30~17:30,08:30~17:30,08:30~17:30,08:30~17:30,08:30~13:00,-,-,-
의료법인 현경의료재단 광양서울병원,응급의료기관 외의 의료기관(응급의료시설),병원,061-798-9800,전라남도 광양시 진등길 93 (마동),09:00~18:00,09:00~18:00,09:00~18:00,09:00~18:00,09:00~18:00,09:00~13:00,09:00~13:00,09:00~13:00,-
의료법인행촌의료재단해남종합병원,지역응급의료기관,종합병원,061-536-4116,전라남도 해남군 해남읍 해남로 45 (해남읍),08:30~17:00,08:30~17:00,08:30~17:00,08:30~17:00,08:30~17:00,08:30~13:00,-,-,-
목포기독병원,지역응급의료기관,종합병원,061-280-7500,전라남도 목포시 백년대로 303 (상동),08:30~17:30,08:30~17:30,08:30~17:30,08:30~17:30,08:30~17:30,08:30~13:00,-,-,http://www.mch.co.kr
의료법인인성의료재단함평성심병원,응급의료기관 외의 의료기관(응급의료시설),병원,061-324-0001,"전라남도 함평군 함평읍 영수길 132, 함평성심병원",08:30~17:30,08:30~17:30,08:30~17:30,08:30~17:30,08:30~17:30,00:00~24:00,08:30~13:00,-,-
의료법인행복나눔의료재단 장성병원,지역응급의료기관,병원,061-390-9000,전라남도 장성군 장성읍 역전로 171 (장성읍),08:30~18:00,08:30~18:00,08:30~18:00,08:30~18:00,08:30~18:00,08:30~13:00,-,-,-
곡성사랑병원,지역응급의료기관,병원,061-360-6000,전라남도 곡성군 곡성읍 곡성로 761,08:30~17:00,08:30~17:00,08:30~17:00,08:30~17:00,08:30~17:00,08:30~12:00,-,-,-
여천전남병원,지역응급의료센터,종합병원,061-690-6900,전라남도 여수시 무선로 95 (선원동),09:00~18:00,09:00~17:00,09:00~17:00,09:00~17:00,09:00~17:00,09:00~13:00,-,-,-
목포한국병원,권역응급의료센터,종합병원,061-270-5500,전라남도 목포시 영산로 483 (상동),08:30~18:00,08:30~18:00,08:30~18:00,08:30~18:00,08:30~18:00,08:30~12:30,-,-,-
보성아산병원,지역응급의료기관,병원,061-850-3410,전라남도 보성군 미력면 가평길 36-17,08:00~17:00,08:00~17:00,08:00~17:00,08:00~17:00,08:00~17:00,08:00~12:00,-,-,-
의료법인용호의료재단해남우석병원,응급의료기관 외의 의료기관(응급의료시설),병원,061-536-7580,전라남도 해남군 해남읍 교육청길 38,08:30~17:00,08:30~17:00,08:30~17:00,08:30~17:00,08:30~17:00,08:30~12:30,-,-,-
영광종합병원,지역응급의료기관,종합병원,061-350-8000,"전라남도 영광군 영광읍 와룡로 3,",08:30~17:00,08:30~17:00,08:30~17:00,08:30~17:00,08:30~17:00,08:30~13:00,-,08:30~13:00,-
장흥우리병원,지역응급의료기관,병원,061-862-6262,전라남도 장흥군 장흥읍 흥성로 83,09:00~17:00,09:00~17:00,09:00~17:00,09:00~17:00,09:00~17:00,09:00~13:00,-,-,http://www.jhwh.co.kr/
전라남도순천의료원,지역응급의료기관,병원,061-759-9114,전라남도 순천시 서문성터길 2 (매곡동),08:30~17:30,08:30~17:30,08:30~17:30,08:30~17:30,08:30~17:30,-,-,-,-
의료법인한국의료재단한국병원,지역응급의료기관,종합병원,061-740-5000,전라남도 순천시 우명길 42 (연향동),08:30~17:30,08:30~17:30,08:30~17:30,08:30~17:30,08:30~17:30,08:30~12:30,-,-,-
의료법인신안대우병원,지역응급의료기관,병원,061-262-3301,전라남도 신안군 비금면 송치길 155-11,07:30~17:00,07:30~17:00,07:30~17:00,07:30~17:00,07:30~17:00,07:30~12:00,-,-,-
화순고려병원,지역응급의료기관,병원,061-370-3700,전라남도 화순군 화순읍 충의로 109,09:00~17:30,09:00~17:30,09:00~17:30,09:00~17:30,09:00~17:30,09:00~13:00,-,-,-
진도한국병원,지역응급의료기관,병원,061-544-2051,전라남도 진도군 진도읍 남문길 48,09:00~17:30,09:00~17:30,09:00~17:30,09:00~17:30,09:00~17:30,09:00~12:00,-,-,-
의료법인 우범의료재단 장흥종합병원,지역응급의료기관,종합병원,061-862-8300,전라남도 장흥군 장흥읍 흥성로 74,08:30~17:00,08:30~17:00,08:30~17:00,08:30~17:00,08:30~17:00,08:30~13:00,-,-,-
의료법인삼호의료재단벌교삼호병원,지역응급의료기관,병원,061-859-5000,"전라남도 보성군 벌교읍 남하로 12,",08:00~17:00,08:00~17:00,08:00~17:00,08:00~17:00,08:00~17:00,08:00~12:00,-,-,-
의료법인장호의료재단녹동현대병원,지역응급의료기관,병원,061-840-1200,"전라남도 고흥군 도양읍 차경구렁목길 215,",08:30~17:00,08:30~17:00,08:30~17:00,08:30~17:00,08:30~17:00,08:30~13:00,-,-,-
전남중앙병원,지역응급의료기관,병원,061-260-3000,전라남도 목포시 고하대로 724,09:00~18:00,09:00~18:00,09:00~18:00,09:00~18:00,09:00~18:00,09:00~12:30,-,-,http://www.icjh.co.kr/
의료법인 은성의료재단 좋은선린병원,지역응급의료기관,종합병원,054-245-5000,경상북도 포항시 북구 대신로 43 (대신동),09:00~18:00,09:00~17:00,09:00~17:00,09:00~17:00,09:00~17:00,09:00~13:00,-,-,-
영주적십자병원,지역응급의료기관,종합병원,054-630-0100,"경상북도 영주시 대학로 327, 영주적십자병원 (가흥동)",08:30~17:30,08:30~17:30,08:30~17:30,08:30~17:30,08:30~17:30,-,-,-,-
순천향대학교 부속 구미병원,지역응급의료센터,종합병원,054-463-7151,경상북도 구미시 1공단로 179 (공단동),09:00~17:00,09:00~17:00,09:00~17:00,09:00~17:00,09:00~17:00,09:00~12:00,-,-,-
의료법인서명의료재단세명병원,지역응급의료기관,병원,053-819-8800,경상북도 경산시 경안로 208 (중방동),09:00~18:00,09:00~18:00,09:00~18:00,09:00~18:00,09:00~18:00,09:00~13:00,-,-,-
동국대학교 의과대학 경주병원,지역응급의료센터,종합병원,054-748-9300,경상북도 경주시 동대로 87 (석장동),08:30~17:30,08:30~17:30,08:30~17:30,08:30~17:30,08:30~17:30,08:30~12:30,-,-,-
경상북도김천의료원,지역응급의료기관,종합병원,054-432-8901,경상북도 김천시 모암길 24 (모암동),08:30~17:00,08:30~17:00,08:30~17:00,08:30~17:00,08:30~17:00,08:30~12:30,-,-,http://www.gcmc.or.kr
의료법인동춘의료재단문경제일병원,지역응급의료센터,종합병원,054-550-7700,경상북도 문경시 당교3길 25 (모전동),08:00~17:00,08:00~17:00,-,-,-,-,-,-,http://www.mgjh.co.kr
영덕아산병원,응급의료기관 외의 의료기관(응급의료시설),병원,054-730-0152,경상북도 영덕군 영해면 영덕로 1621,08:30~17:30,08:30~17:30,08:30~17:30,08:30~17:30,08:30~17:30,08:30~12:30,-,-,-
영남대학교의과대학부속 영천병원,지역응급의료기관,종합병원,543389000,경상북도 영천시 오수1길 10 (오수동),09:00~17:30,09:00~17:30,09:00~17:30,09:00~17:30,09:00~17:30,-,-,-,-
포항성모병원,권역응급의료센터,종합병원,054-272-0151,경상북도 포항시 남구 대잠동길 17 (대잠동),09:00~17:00,09:00~17:00,09:00~17:00,09:00~17:00,09:00~17:00,08:30~12:30,-,-,http://www.pohangsmh.co.kr/
성주무강병원,지역응급의료기관,병원,054-932-1212,경상북도 성주군 성주읍 성주읍3길 5-3,09:00~18:00,09:00~18:00,09:00~18:00,09:00~18:00,09:00~18:00,09:00~13:00,-,-,-
의)근원의료재단 경산중앙병원,지역응급의료기관,종합병원,053-715-0100,경상북도 경산시 경안로 11 (백천동),09:00~18:00,09:00~18:00,09:00~18:00,09:00~18:00,09:00~18:00,09:00~13:00,-,-,-
의료법인안동병원,권역응급의료센터,종합병원,054-840-1004,경상북도 안동시 앙실로 11 (수상동),08:30~17:00,08:30~17:00,08:30~17:00,08:30~17:00,08:30~17:00,08:30~12:30,-,-,http://www.andonghospital.co.kr
경상북도 포항의료원,지역응급의료기관,종합병원,054-247-0551,경상북도 포항시 북구 용흥로 36 (용흥동),08:30~17:30,08:30~17:00,08:30~17:00,08:30~17:00,08:30~17:00,08:30~12:30,-,-,-
의료법인대남의료재단청도대남병원,지역응급의료기관,병원,054-373-0606,경상북도 청도군 화양읍 청화로 79-7,08:30~17:00,08:30~17:00,08:30~17:00,08:30~17:00,08:30~17:00,08:30~12:00,-,-,http://www.daenamhosp.co.kr
의료법인왜관병원,응급의료기관 외의 의료기관(응급의료시설),병원,054-971-1002,경상북도 칠곡군 왜관읍 군청2길 10,09:00~18:00,09:00~18:00,09:00~18:00,09:00~18:00,09:00~18:00,09:00~13:00,09:00~24:00,09:00~24:00,-
의료법인삼백의료재단상주성모병원,지역응급의료기관,종합병원,054-532-5001,경상북도 상주시 냉림서성길 7 (냉림동),08:30~17:30,08:30~17:30,08:30~17:30,08:30~17:30,08:30~17:30,08:30~13:00,-,-,http://www.ssmh.co.kr
구미강동병원,지역응급의료기관,종합병원,054-453-7575,경상북도 구미시 인동20길 46 (진평동),08:30~17:30,09:00~17:00,09:00~17:00,09:00~17:00,09:00~17:00,08:30~12:30,-,-,http://www.gumigd.co.kr
의료법인영제의료재단 영남제일병원,지역응급의료기관,병원,054-861-9111,경상북도 의성군 안계면 용기4길 36,09:00~18:00,09:00~18:00,09:00~18:00,09:00~18:00,09:00~18:00,-,-,-,-
의료법인덕산의료재단김천제일병원,지역응급의료센터,종합병원,054-420-9300,경상북도 김천시 신음1길 12 (신음동),09:00~18:00,09:00~18:00,09:00~18:00,09:00~18:00,09:00~18:00,09:00~13:00,-,-,http://www.jeilh.com
계명대학교 의과대학 경주 동산병원,응급의료기관 외의 의료기관(응급의료시설),병원,054-770-9500,경상북도 경주시 봉황로 65 (서부동),08:30~17:30,08:30~17:30,08:30~17:30,08:30~17:30,08:30~17:30,08:30~12:30,-,-,-
의료법인명성의료재단영양병원,응급의료기관 외의 의료기관(응급의료시설),병원,054-682-0727,경상북도 영양군 영양읍 동서대로 75,08:30~17:30,08:30~17:30,08:30~17:30,08:30~17:30,08:30~17:30,08:30~13:00,08:30~17:30,08:30~17:30,-
에스포항병원,지역응급의료기관,종합병원,054-289-9000,"경상북도 포항시 남구 희망대로 352 (이동, 에스포항병원)",09:00~18:00,09:00~18:00,09:00~18:00,09:00~18:00,09:00~18:00,09:00~13:00,-,-,-
의성군보건소,응급의료기관 외의 의료기관(응급의료시설),보건소,054-830-6660,"경상북도 의성군 의성읍 구봉길 228, 의성군보건소 (의성읍)",09:00~18:00,09:00~18:00,09:00~18:00,09:00~18:00,09:00~18:00,-,-,-,-
영주기독병원,지역응급의료기관,병원,054-635-6161,경상북도 영주시 구성로 380,09:00~18:00,09:00~17:00,09:00~17:00,09:00~17:00,09:00~17:00,09:00~13:00,-,-,-
의료법인서일의료재단문경중앙병원,지역응급의료기관,병원,054-555-2011,경상북도 문경시 중앙로 117-18 (점촌동),08:30~18:00,08:30~18:00,-,-,-,-,-,-,-
차의과학대학교부속구미차병원,권역응급의료센터,종합병원,054-450-9700,경상북도 구미시 신시로10길 12 (형곡동),08:30~17:30,08:30~17:30,08:30~17:30,08:30~17:30,08:30~17:30,08:30~12:30,-,-,http://kumi.chamc.co.kr
봉화해성병원,응급의료기관 외의 의료기관(응급의료시설),병원,054-673-1331,경상북도 봉화군 봉화읍 보밑길 3,08:40~17:00,08:40~17:00,08:40~17:00,08:40~17:00,08:40~17:00,08:40~12:00,-,-,-
울진군의료원,지역응급의료기관,병원,054-785-7000,경상북도 울진군 울진읍 현내항길 71,08:30~17:30,08:30~17:30,08:30~17:30,08:30~17:30,08:30~17:30,-,-,-,-
의료법인고령영생병원,지역응급의료기관,병원,054-955-2661,경상북도 고령군 대가야읍 중앙로 33 의료법인영암의료재단고령영생병원,09:00~18:00,09:00~18:00,09:00~18:00,09:00~18:00,09:00~18:00,09:00~13:00,-,-,-
포항세명기독병원,지역응급의료센터,종합병원,054-275-0005,경상북도 포항시 남구 포스코대로 351 (대도동),08:30~17:30,08:30~17:30,08:30~17:30,08:30~17:30,08:30~17:30,08:30~13:00,-,-,-
청송군보건의료원,지역응급의료기관,보건의료원,054-870-7100,경상북도 청송군 청송읍 의료원길 19 (청송읍),08:30~17:30,08:30~17:30,08:30~17:30,08:30~17:30,08:30~17:30,08:30~12:00,-,-,http://health.cs.go.kr
예천권병원,지역응급의료기관,병원,054-654-6611,경상북도 예천군 예천읍 시장로 136 (예천읍),09:00~17:30,09:00~17:30,09:00~17:30,09:00~17:30,09:00~17:30,09:00~13:00,-,-,http://www.yckh.com
안동성소병원,지역응급의료센터,종합병원,054-857-2321,경상북도 안동시 서동문로 99 (금곡동),08:00~17:00,08:00~17:00,08:00~17:00,08:00~17:00,08:00~17:00,08:00~12:00,-,-,-
울릉군보건의료원,지역응급의료기관,보건의료원,054-790-6871,경상북도 울릉군 울릉읍 울릉순환로 396-18,00:00~24:00,00:00~24:00,00:00~24:00,00:00~24:00,00:00~24:00,00:00~24:00,00:00~24:00,00:00~24:00,http://www.ulleung.go.kr/health
의료법인청봉의료재단성누가병원,응급의료기관 외의 의료기관(응급의료시설),병원,054-639-9000,경상북도 영주시 구성로 329 (영주동),09:00~18:00,09:00~18:00,09:00~18:00,09:00~18:00,09:00~18:00,09:00~13:00,-,-,http://www.stluke.co.kr/
군위군보건소,응급의료기관 외의 의료기관(응급의료시설),보건소,054-383-4000,경상북도 군위군 군위읍 군청로 70,09:00~24:00,09:00~24:00,09:00~24:00,09:00~24:00,09:00~24:00,09:00~24:00,09:00~24:00,09:00~24:00,http://www.gunwi.go.kr/health/main.htm
의료법인갑을의료재단갑을장유병원,지역응급의료센터,종합병원,055-310-6000,경상남도 김해시 장유로 167-13 (부곡동),09:00~18:00,09:00~18:00,09:00~18:00,09:00~18:00,09:00~18:00,09:00~13:00,-,-,-
의료법인창녕서울의료재단창녕서울병원,응급의료기관 외의 의료기관(응급의료시설),병원,055-532-1975,경상남도 창녕군 창녕읍 창녕대로 122,09:00~18:00,09:00~18:00,09:00~18:00,09:00~18:00,09:00~18:00,09:00~13:00,-,-,-
의료법인아림의료재단서경병원,지역응급의료기관,병원,055-945-0091,"경상남도 거창군 거창읍 송정1길 24-13, 서경병원",09:00~17:30,09:00~17:30,09:00~17:30,09:00~17:30,09:00~17:30,09:00~12:00,-,-,http://www.seokyung.or.kr/
학교법인성균관대학삼성창원병원,권역응급의료센터,상급종합병원,055-233-8899,"경상남도 창원시 마산회원구 팔용로 158 (합성동, 삼성창원병원)",09:00~17:30,09:00~17:30,09:00~17:30,09:00~17:30,09:00~17:30,09:00~12:00,-,-,http://smc.skku.edu
양산부산대학교병원,권역응급의료센터,상급종합병원,055-360-1000,경상남도 양산시 물금읍 금오로 20,08:30~17:30,08:30~17:30,08:30~17:30,08:30~17:30,08:30~17:30,-,-,-,https://www.pnuyh.or.kr
의료법인보원의료재단경희의료원교육협력중앙병원,지역응급의료센터,종합병원,055-330-6000,경상남도 김해시 분성로 94-8 (외동),08:30~17:30,08:30~17:30,08:30~17:30,08:30~17:30,08:30~17:30,08:30~12:30,-,-,-
의료법인 성념의료재단맑은샘병원,지역응급의료기관,종합병원,055-736-1004,경상남도 거제시 연초면 거제대로 4477,08:30~17:30,08:30~17:30,08:30~17:30,08:30~17:30,08:30~17:30,08:30~12:30,-,-,-
삼천포제일병원,지역응급의료기관,병원,055-833-4400,"경상남도 사천시 중앙로 136, 삼천포제일병원 (벌리동)",08:30~17:00,08:30~17:00,08:30~17:00,08:30~17:00,08:30~17:00,08:30~13:00,-,-,-
진주복음병원,지역응급의료기관,병원,055-749-7110,경상남도 진주시 진양호로 370 (신안동),09:00~18:00,09:00~17:00,09:00~17:00,09:00~17:00,09:00~17:00,09:00~13:00,-,-,-
웅상중앙병원,지역응급의료기관,종합병원,1600-7582,경상남도 양산시 서창로 59 (명동),09:00~18:00,09:00~18:00,09:00~18:00,09:00~18:00,09:00~18:00,09:00~13:00,-,-,-
한일병원,지역응급의료센터,종합병원,055-759-7777,"경상남도 진주시 범골로 17, 지1,1~5,7층 (충무공동)",09:00~18:00,09:00~17:00,09:00~17:00,09:00~17:00,09:00~17:00,09:00~13:00,-,-,-
새통영병원,지역응급의료기관,병원,055-646-6000,경상남도 통영시 무전7길 192 (무전동),08:30~17:30,08:30~17:30,08:30~17:30,08:30~17:30,08:30~17:30,08:30~12:30,-,-,-
의료법인이도의료재단남해병원,지역응급의료기관,병원,055-863-2201,경상남도 남해군 남해읍 화전로 169,08:40~17:00,08:40~17:00,08:40~17:00,08:40~17:00,08:40~17:00,08:40~12:00,-,-,-
경상국립대학교병원,권역응급의료센터,상급종합병원,055-750-8000,경상남도 진주시 강남로 79 (칠암동),09:00~17:00,09:00~17:00,09:00~17:00,09:00~17:00,09:00~17:00,-,-,-,http://www.gnuh.co.kr/
의료법인정상의료재단바른병원,응급의료기관 외의 의료기관(응급의료시설),병원,055-790-3000,경상남도 진주시 동진로 7 (칠암동),09:00~18:00,09:00~18:00,09:00~18:00,09:00~18:00,09:00~18:00,09:00~13:00,-,-,-
진주고려병원,지역응급의료기관,종합병원,055-751-2500,"경상남도 진주시 동진로 2 (칠암동, 진주고려병원)",09:00~17:00,09:00~17:00,09:00~17:00,09:00~17:00,09:00~17:00,09:00~13:00,-,-,-
더조은병원,응급의료기관 외의 의료기관(응급의료시설),병원,055-672-1111,경상남도 고성군 고성읍 동외로 142,09:00~18:00,09:00~18:00,09:00~18:00,09:00~18:00,09:00~18:00,09:00~13:00,-,-,-
삼성합천병원,지역응급의료기관,병원,055-933-2200,경상남도 합천군 합천읍 대야로 876,08:30~17:00,08:30~17:00,08:30~17:00,08:30~17:00,08:30~17:00,08:30~12:00,-,-,-
본바른병원,응급의료기관 외의 의료기관(응급의료시설),병원,055-785-3117,"경상남도 양산시 물금읍 청운로 343, 양산바른빌딩 1층일부, 4층~10층",09:00~20:00,09:00~20:00,09:00~20:00,09:00~20:00,09:00~20:00,09:00~15:00,-,09:00~12:30,-
창원한마음병원,지역응급의료센터,종합병원,055-225-0000,경상남도 창원시 의창구 용동로57번길 8 (사림동),09:00~18:00,09:00~18:00,09:00~18:00,09:00~18:00,09:00~18:00,09:00~13:00,-,-,http://www.hanheart.co.kr
반도병원,지역응급의료기관,병원,055-747-6000,경상남도 진주시 남강로 701 (장대동),09:00~17:00,09:00~17:00,09:00~17:00,09:00~17:00,09:00~17:00,09:00~13:00,-,-,-
창원경상국립대학교병원,지역응급의료센터,종합병원,055-214-2000,"경상남도 창원시 성산구 삼정자로 11 (성주동, 창원경상대학교병원)",09:00~18:00,09:00~18:00,09:00~18:00,09:00~18:00,09:00~18:00,-,-,-,-
강일병원,지역응급의료기관,종합병원,055-822-0100,경상남도 김해시 가락로 359 (구산동),09:00~18:00,09:00~18:00,09:00~18:00,09:00~18:00,09:00~18:00,09:00~13:00,-,-,-
의료법인학산의료재단아라한국병원,응급의료기관 이외,병원,055-582-8088,경상남도 함안군 산인면 학산2길 17-50,09:00~18:00,09:00~18:00,09:00~18:00,09:00~18:00,09:00~18:00,09:00~12:00,-,-,-
재단법인대구포교성베네딕도수녀회창원파티마병원,지역응급의료센터,종합병원,055-270-1000,경상남도 창원시 의창구 창이대로 45 (명서동),09:00~17:00,09:00~17:00,09:00~17:00,09:00~17:00,09:00~17:00,09:00~12:40,-,-,https://fatimahosp.co.kr/
의료법인생명사랑의료재단밀양윤병원,지역응급의료기관,병원,055-354-2200,경상남도 밀양시 삼문중앙로 32 (삼문동),09:00~17:30,09:00~17:30,09:00~17:30,09:00~17:30,09:00~17:30,09:00~12:00,-,-,-
행복한병원,응급의료기관 외의 의료기관(응급의료시설),병원,055-391-0090,경상남도 밀양시 하남읍 수산중앙로 56-2,09:00~17:30,09:00~17:30,09:00~17:30,09:00~17:30,09:00~17:30,09:00~12:30,-,-,-
의료법인합포의료재단에스엠지연세병원,지역응급의료기관,종합병원,055-243-0100,"경상남도 창원시 마산합포구 3·15대로 76 (월남동2가, 합포의료재단)",09:00~18:00,09:00~18:00,09:00~18:00,09:00~18:00,09:00~18:00,09:00~13:00,-,-,http://www.mysh.co.kr/
제일병원,지역응급의료센터,종합병원,055-750-7123,경상남도 진주시 진주대로 885 (강남동),08:30~17:00,08:30~17:00,08:30~16:00,08:30~17:00,08:30~17:00,08:30~13:00,-,-,http://www.chinjujeil.co.kr
의료법인숭인의료재단김해복음병원,지역응급의료기관,종합병원,055-330-8888,경상남도 김해시 활천로 33 (삼정동),09:00~18:00,09:00~18:00,09:00~18:00,09:00~18:00,09:00~18:00,09:00~13:00,-,-,-
시영의료재단영동병원,응급의료기관 외의 의료기관(응급의료시설),병원,055-586-2000,경상남도 함안군 칠원읍 용산2길 45-13,09:00~18:00,09:00~18:00,09:00~18:00,09:00~18:00,09:00~18:00,09:00~12:00,-,-,-
메가병원,응급의료기관 외의 의료기관(응급의료시설),병원,055-903-9000,경상남도 김해시 계동로 237 (대청동),09:00~18:00,09:00~18:00,09:00~18:00,09:00~18:00,09:00~18:00,09:00~12:50,-,09:00~12:50,-
근로복지공단 창원병원,지역응급의료기관,종합병원,055-280-7777,경상남도 창원시 성산구 창원대로 721 (중앙동),08:30~17:30,08:30~17:30,08:30~17:30,08:30~17:30,08:30~17:30,08:30~12:30,-,-,-
연세에스병원,지역응급의료기관,종합병원,055-548-7700,경상남도 창원시 진해구 해원로32번길 13 (이동),09:00~18:00,09:00~18:00,09:00~18:00,09:00~18:00,09:00~18:00,09:00~13:00,-,-,-
진주세란병원,응급의료기관 외의 의료기관(응급의료시설),병원,055-760-7578,경상남도 진주시 진주대로 829 (주약동),09:00~18:00,09:00~18:00,09:00~18:00,09:00~18:00,09:00~18:00,09:00~15:00,-,-,http://www.jjseran.co.kr
의료법인환명의료재단조은금강병원,지역응급의료기관,종합병원,055-330-0300,경상남도 김해시 김해대로 1814-37 (삼계동),09:00~18:00,09:00~18:00,09:00~18:00,09:00~18:00,09:00~18:00,09:00~13:00,-,-,-
의료법인대우의료재단대우병원,지역응급의료기관,종합병원,055-680-8114,경상남도 거제시 두모길 16 (두모동),08:30~17:30,08:30~17:30,08:30~17:30,08:30~17:30,08:30~17:30,08:30~12:30,-,-,-
의료법인청아의료재단청아병원,지역응급의료기관,종합병원,055-230-1500,경상남도 창원시 마산회원구 내서읍 광려천서로 67 (청아병원),09:00~18:00,09:00~18:00,09:00~18:00,09:00~18:00,09:00~18:00,09:00~13:00,-,-,http://www.camc.co.kr/
함양성심병원,지역응급의료기관,병원,055-963-4322,경상남도 함양군 함양읍 고운로 70,08:30~17:00,08:30~17:00,08:30~17:00,08:30~17:00,08:30~17:00,08:30~12:00,-,-,-
의료법인신의료재단김해삼승병원,응급의료기관 외의 의료기관(응급의료시설),병원,055-310-7700,경상남도 김해시 김해대로 2335 (부원동),09:00~18:00,09:00~18:00,09:00~18:00,09:00~18:00,09:00~18:00,09:00~13:00,-,-,-
의료법인승연의료재단 삼천포서울병원,지역응급의료기관,병원,055-835-9900,경상남도 사천시 남일로 33 (동금동),08:30~18:00,08:30~18:00,08:30~18:00,08:30~18:00,08:30~18:00,08:30~13:00,-,-,http://www.3004sh.com
의령병원,지역응급의료기관,병원,055-573-4100,경상남도 의령군 의령읍 의병로14길 10 (의령읍),08:30~17:30,08:30~17:30,08:30~17:30,08:30~17:30,08:30~17:30,08:30~12:30,-,-,-
의료법인거붕백병원,지역응급의료기관,종합병원,055-733-0000,경상남도 거제시 계룡로5길 14 (상동동),08:30~17:30,08:30~17:30,08:30~17:30,08:30~17:30,08:30~17:30,08:30~12:30,-,-,-
강병원,지역응급의료기관,병원,055-673-0101,경상남도 고성군 고성읍 중앙로 49,09:00~18:00,09:00~18:00,09:00~18:00,09:00~18:00,09:00~18:00,09:00~13:00,-,-,-
경상남도마산의료원,지역응급의료기관,종합병원,055-249-1000,경상남도 창원시 마산합포구 3·15대로 231 (중앙동3가),09:00~17:30,09:00~17:30,09:00~17:30,09:00~17:30,09:00~17:30,-,-,-,http://www.mmc.or.kr
의료법인석영의료재단창원제일종합병원,응급의료기관 외의 의료기관(응급의료시설),종합병원,055-223-9000,경상남도 창원시 마산합포구 3·15대로 238 (중앙동3가),09:00~18:00,09:00~18:00,09:00~18:00,09:00~18:00,09:00~18:00,09:00~14:00,-,-,http://www.mjeilh.co.kr/
산청군보건의료원,지역응급의료기관,보건의료원,055-970-7500,경상남도 산청군 산청읍 중앙로 97 (산청읍),09:00~17:30,09:00~17:30,09:00~17:30,09:00~17:30,09:00~17:30,-,-,-,-
의료법인염광의료재단세광병원,응급의료기관 외의 의료기관(응급의료시설),병원,055-540-3700,경상남도 창원시 진해구 중원동로 55-1 (중앙동),09:00~18:00,09:00~18:00,09:00~18:00,09:00~18:00,09:00~18:00,09:00~13:00,-,-,-
태황의료재단한성병원,지역응급의료기관,병원,055-530-5000,경상남도 창녕군 창녕읍 교리1길 2 (창녕읍),09:00~17:30,09:00~17:30,09:00~17:30,09:00~17:30,09:00~17:30,09:00~13:00,-,-,-
의료법인 혜인의료재단 한국병원,지역응급의료기관,종합병원,064-750-0000,제주특별자치도 제주시 서광로 193 (삼도일동),09:00~17:00,09:00~17:00,09:00~17:00,09:00~17:00,09:00~17:00,09:00~13:00,-,-,http://www.hankookhospital.co.kr
제주특별자치도서귀포의료원,지역응급의료센터,종합병원,064-730-3000,제주특별자치도 서귀포시 장수로 47 (동홍동),08:30~17:30,08:30~17:30,08:30~17:30,08:30~17:30,08:30~17:30,-,-,-,-
제주대학교병원,지역응급의료센터,종합병원,064-717-1075,제주특별자치도 제주시 아란13길 15 (아라일동),09:00~18:00,09:00~18:00,09:00~18:00,09:00~18:00,09:00~18:00,-,-,-,-
제주한라병원,권역응급의료센터,종합병원,064-740-5000,"제주특별자치도 제주시 도령로 65, (연동)",09:00~17:00,09:00~17:00,09:00~17:00,09:00~17:00,09:00~17:00,09:00~12:00,-,-,http://www.hallahosp.co.kr
의료법인 중앙의료재단 중앙병원,지역응급의료센터,종합병원,064-786-7000,제주특별자치도 제주시 월랑로 91 (이호이동),09:00~18:00,09:00~17:00,09:00~17:00,09:00~17:00,09:00~17:00,09:00~13:00,-,-,-
한마음병원,지역응급의료센터,종합병원,064-750-9000,제주특별자치도 제주시 연신로 52 (이도이동),09:00~18:00,09:00~17:00,09:00~17:00,09:00~17:00,09:00~17:00,09:00~13:00,-,-,-
